-- phpMyAdmin SQL Dump
-- version 5.1.1
-- https://www.phpmyadmin.net/
--
-- Host: 127.0.0.1
-- Generation Time: Jul 03, 2022 at 07:24 AM
-- Server version: 10.4.21-MariaDB
-- PHP Version: 8.0.11

SET SQL_MODE = "NO_AUTO_VALUE_ON_ZERO";
START TRANSACTION;
SET time_zone = "+00:00";


/*!40101 SET @OLD_CHARACTER_SET_CLIENT=@@CHARACTER_SET_CLIENT */;
/*!40101 SET @OLD_CHARACTER_SET_RESULTS=@@CHARACTER_SET_RESULTS */;
/*!40101 SET @OLD_COLLATION_CONNECTION=@@COLLATION_CONNECTION */;
/*!40101 SET NAMES utf8mb4 */;

--
-- Database: `it-max`
--

-- --------------------------------------------------------

--
-- Table structure for table `tbl_admin`
--

CREATE TABLE `tbl_admin` (
  `id` int(10) UNSIGNED NOT NULL,
  `full_name` varchar(100) NOT NULL,
  `username` varchar(20) NOT NULL,
  `password` varchar(10) NOT NULL
) ENGINE=InnoDB DEFAULT CHARSET=utf8;

--
-- Dumping data for table `tbl_admin`
--

INSERT INTO `tbl_admin` (`id`, `full_name`, `username`, `password`) VALUES
(1, 'Admin', 'admin', 'admin54321'),
(333, 'Vimukthi Jayasanka', 'jaye', '232323');

-- --------------------------------------------------------

--
-- Table structure for table `tbl_category`
--

CREATE TABLE `tbl_category` (
  `id` int(20) UNSIGNED NOT NULL,
  `title` varchar(20) NOT NULL
) ENGINE=InnoDB DEFAULT CHARSET=utf8;

--
-- Dumping data for table `tbl_category`
--

INSERT INTO `tbl_category` (`id`, `title`) VALUES
(31, 'GRAPHIC CARD'),
(32, 'MOTHER BOARD'),
(33, 'PROCESSORS'),
(34, 'RAM'),
(35, 'STORAGES'),
(36, 'CASING'),
(37, 'PSU'),
(38, 'MONITORS'),
(39, 'ACCESSORIES');

-- --------------------------------------------------------

--
-- Table structure for table `tbl_contact`
--

CREATE TABLE `tbl_contact` (
  `id` int(10) UNSIGNED NOT NULL,
  `name` varchar(100) NOT NULL,
  `email` varchar(100) NOT NULL,
  `number` int(10) NOT NULL,
  `subject` varchar(100) NOT NULL,
  `comment` varchar(500) NOT NULL
) ENGINE=InnoDB DEFAULT CHARSET=utf8;

--
-- Dumping data for table `tbl_contact`
--

INSERT INTO `tbl_contact` (`id`, `name`, `email`, `number`, `subject`, `comment`) VALUES
(22, 'Madonna Strong', 'juhycybywu@mailinator.com', 316, 'Et error officia tot', 'Eum commodo nisi occ');

-- --------------------------------------------------------

--
-- Table structure for table `tbl_customer`
--

CREATE TABLE `tbl_customer` (
  `c_id` int(10) UNSIGNED NOT NULL,
  `cname` varchar(25) NOT NULL,
  `cnumber` varchar(11) NOT NULL,
  `cemail` varchar(25) NOT NULL,
  `s_email` varchar(3) NOT NULL
) ENGINE=InnoDB DEFAULT CHARSET=utf8;

--
-- Dumping data for table `tbl_customer`
--

INSERT INTO `tbl_customer` (`c_id`, `cname`, `cnumber`, `cemail`, `s_email`) VALUES
(118, 'Nawod Lahiru', '13562722', 'dfhdjdjdj@gmail.com', 'YES'),
(119, 'Harlan Tate', '215671324', 'miwapyfo@mailinator.com', 'No');

-- --------------------------------------------------------

--
-- Table structure for table `tbl_offer`
--

CREATE TABLE `tbl_offer` (
  `id` int(3) NOT NULL,
  `product_id` int(100) NOT NULL,
  `active` varchar(10) NOT NULL,
  `line_1` varchar(20) NOT NULL,
  `line_2` varchar(10) NOT NULL,
  `line_3` varchar(20) NOT NULL,
  `line_4` varchar(20) NOT NULL
) ENGINE=InnoDB DEFAULT CHARSET=utf8;

--
-- Dumping data for table `tbl_offer`
--

INSERT INTO `tbl_offer` (`id`, `product_id`, `active`, `line_1`, `line_2`, `line_3`, `line_4`) VALUES
(1, 52, 'yes', 'ryzen 9 procer', 'up to', '15% off', 'offer ends after 15 ');

-- --------------------------------------------------------

--
-- Table structure for table `tbl_order`
--

CREATE TABLE `tbl_order` (
  `o_id` int(11) NOT NULL,
  `i_id` int(10) NOT NULL,
  `title` varchar(255) NOT NULL,
  `qty` int(10) NOT NULL,
  `price` int(11) NOT NULL
) ENGINE=InnoDB DEFAULT CHARSET=utf8;

--
-- Dumping data for table `tbl_order`
--

INSERT INTO `tbl_order` (`o_id`, `i_id`, `title`, `qty`, `price`) VALUES
(118, 56, 'GIGABYTE RTX 3060 EAGLE OC 12G', 1, 245000),
(119, 76, 'LOGITECH G402 HYPERION FURY FPS GAMING MOUSE', 1, 11000);

-- --------------------------------------------------------

--
-- Table structure for table `tbl_singal_item`
--

CREATE TABLE `tbl_singal_item` (
  `id` int(20) UNSIGNED NOT NULL,
  `title` varchar(45) NOT NULL,
  `warranty` int(100) NOT NULL,
  `description` mediumtext NOT NULL,
  `price` int(10) NOT NULL,
  `image_name` varchar(255) NOT NULL,
  `category_id` int(20) NOT NULL,
  `active` varchar(10) NOT NULL
) ENGINE=InnoDB DEFAULT CHARSET=utf8;

--
-- Dumping data for table `tbl_singal_item`
--

INSERT INTO `tbl_singal_item` (`id`, `title`, `warranty`, `description`, `price`, `image_name`, `category_id`, `active`) VALUES
(18, 'ASUS STRIX GAMING GEFORCE RTX 3070 ', 36, 'NVIDIA® GeForce RTX™ 3070\r\nBus Standard\r\n\r\nPCI Express 4.0\r\nVideo Memory\r\n\r\n8GB GDDR6\r\nEngine Clock\r\n\r\nOC Mode - 1755 MHz (Boost Clock)\r\nGaming Mode - 1725 MHz (Boost Clock)\r\nCUDA Core\r\n\r\n5888\r\nMemory Speed\r\n\r\n14 Gbps\r\nMemory Interface\r\n\r\n256-bit\r\nResolut', 375000, 'ASUS STRIX GAMING GEFORCE RTX 3070 8GB9024.png', 31, 'yes'),
(19, 'MSI RX 6900 XT GAMING X TRIO 16G', 36, 'The latest iteration of MSI’s iconic GAMING series once again brings performance, low-noise efficiency, and aesthetics that hardcore gamers have come to recognize and trust. Now you too can enjoy all your favorite games with a powerful graphics card that stays cool and silent. Just the way you like it.\r\n\r\nModel Name Radeon™ RX 6900 XT GAMING X TRIO 16G\r\nGraphics Processing Unit Radeon™ RX 6900 XT\r\nInterface PCI Express®\r\nGen 4\r\nCores 5120 Units\r\nCore Clocks Boost: Up to 2340 MHz / Game: Up to 2105\r\nMHz\r\nMemory Speed 16 Gbps\r\nMemory 16GB GDDR6\r\nMemory Bus 256-bit\r\nOutput\r\nDisplayPort x 3 (v1.4)\r\nHDMI x 1 (Supports 4K@120Hz as specified\r\nin HDMI 2.1)\r\nHDCP Support Y\r\nPower consumption 300 W\r\nPower connectors 8-pin x 3\r\nRecommended PSU 850 W\r\nCard Dimension (mm) 324 x 141 x 55 mm\r\nWeight (Card / Package) 1576g / 2381g\r\nDirectX Version Support 12\r\nOpenGL Version Support 4.6\r\nMulti-GPU Technology Y\r\nAfterburner OC Y\r\nMaximum Displays 4\r\nVR Ready Y\r\nDigital Maximum Resolution 7680x4320', 380000, 'MSI RX 6900 XT GAMING X TRIO 16G4484.png', 31, 'yes'),
(20, 'INTEL CORE I9-12900K PROCESSOR', 36, 'Total Cores<br>\r\n16<br>\r\n<br>\r\n# of Performance-cores<br>\r\n8<br>\r\n<br>\r\n# of Efficient-cores<br>\r\n8<br>\r\n<br>\r\nTotal Threads<br>\r\n24<br>\r\n<br>\r\nMax Turbo Frequency<br>\r\n5.20 GHz<br>\r\n<br>\r\nIntel® Turbo Boost Max Technology 3.0 Frequency ‡<br>\r\n5.20 GHz<br>\r\n<br>\r\nPerformance-core Max Turbo Frequency<br>\r\n5.10 GHz<br>\r\n<br>\r\nEfficient-core Max Turbo Frequency<br>\r\n3.90 GHz<br>\r\n<br>\r\nPerformance-core Base Frequency<br>\r\n3.20 GHz<br>\r\n<br>\r\nEfficient-core Base Frequency<br>\r\n2.40 GHz<br>\r\n<br>\r\nCache<br>\r\n30 MB Intel® Smart Cache<br>\r\n<br>\r\nTotal L2 Cache<br>\r\n14 MB<br>\r\n<br>\r\nProcessor Base Power<br>\r\n125 W<br>\r\n<br>\r\nMaximum Turbo Power<br>\r\n241 W<br>\r\n<br>\r\nSupplemental Information<br>\r\nEmbedded Options Available<br>\r\nNo<br>\r\n<br>\r\nMemory Specifications<br>\r\nMax Memory Size (dependent on memory type)<br>\r\n128 GB<br>\r\n<br>\r\nMemory Types<br>\r\nUp to DDR5 4800 MT/s<br>\r\nUp to DDR4 3200 MT/s<br>\r\n<br>\r\nMax # of Memory Channels<br>\r\n2<br>\r\n<br>\r\nMax Memory Bandwidth<br>\r\n76.8 GB/s<br>\r\n<br>\r\nProcessor Graphics<br>\r\nProcessor Graphics ‡<br>\r\nIntel® UHD Graphics 770<br>\r\n<br>\r\nGraphics Base Frequency<br>\r\n300 MHz<br>\r\n<br>\r\nGraphics Max Dynamic Frequency<br>\r\n1.55 GHz<br>\r\n<br>\r\nGraphics Output<br>\r\neDP 1.4b, DP 1.4a, HDMI 2.1<br>\r\n<br>\r\nExecution Units<br>\r\n32<br>\r\n<br>\r\nMax Resolution (HDMI)‡<br>\r\n4096 x 2160 @ 60Hz<br>\r\n<br>\r\nMax Resolution (DP)‡<br>\r\n7680 x 4320 @ 60Hz<br>\r\n<br>\r\nMax Resolution (eDP - Integrated Flat Panel)‡<br>\r\n5120 x 3200 @ 120Hz<br>\r\n<br>\r\nDirectX* Support<br>\r\n12<br>\r\n<br>\r\nOpenGL* Support<br>\r\n4.5<br>\r\n<br>\r\nMulti-Format Codec Engines<br>\r\n2<br>\r\n<br>\r\nIntel® Quick Sync Video<br>\r\nYes<br>\r\n<br>\r\nIntel® Clear Video HD Technology<br>\r\nYes<br>\r\n<br>\r\n# of Displays Supported ‡<br>\r\n4<br>\r\n<br>\r\nDevice ID<br>\r\n0x4680<br>\r\n<br>\r\nOpenCL* Support<br>\r\n2.1<br>\r\n<br>\r\nExpansion Options<br>\r\nDirect Media Interface (DMI) Revision<br>\r\n4.0<br>\r\n<br>\r\nMax # of DMI Lanes<br>\r\n8<br>\r\n<br>\r\nScalability<br>\r\n1S Only<br>\r\n<br>\r\nPCI Express Revision<br>\r\n5.0 and 4.0<br>\r\n<br>\r\nPCI Express Configurations ‡<br>\r\nUp to 1x16+4, 2x8+4<br>\r\n<br>\r\nMax # of PCI Express Lanes<br>\r\n20</div>', 236000, 'INTEL CORE I9-12900K PROCESSOR9846.png', 33, 'yes'),
(21, 'ASUS ROG MAXIMUS Z690 EXTREME GLACI', 36, '<div class=\"ty-productPage-info\">3 Years Warranty<br>\r\n<br>\r\nIntel® Z690 EATX motherboard with 24+1 power stages, Integrated EK® Ultrablock DDR5 with OptiMem III, Five M.2, USB 3.2 Gen 2x2 front-panel connector with Quick Charge 4+ Support, Dual Thunderbolt™ 4, PCIe® 5.0, Onboard Wi-Fi 6E and Aura Sync RGB lighting<br>\r\n<br>\r\nCPU<br>\r\n Intel® Socket LGA1700 for 12th Gen Intel® Core™, Pentium® Gold and Celeron® Processors*<br>\r\n<br>\r\nSupports Intel® Turbo Boost Technology 2.0 and Intel® Turbo Boost Max Technology 3.0**<br>\r\n* Refer to www.asus.com for CPU support list.<br>\r\n<br>\r\n** Intel® Turbo Boost Max Technology 3.0 support depends on the CPU types.<br>\r\n<br>\r\nMemory<br>\r\n4 x DIMM, Max. 128GB, DDR5 6400+(OC)/ 6200(OC)/ 6000(OC)/ 5800(OC)/ 5600(OC)/ 5400(OC)/ 5200(OC)/5000(OC)/4800 Non-ECC, Un-buffered Memory*<br>\r\n<br>\r\nDual Channel Memory Architecture<br>\r\n<br>\r\nSupports Intel® Extreme Memory Profile (XMP)<br>\r\n<br>\r\nOptiMem III<br>\r\n<br>\r\n*Supported memory types, data rate(Speed), and number of DRAM module vary depending on the CPU and memory configuration, for more information refer to www.asus.com for memory support list.<br>\r\n<br>\r\nGraphics<br>\r\n* Graphics specifications may vary between CPU types. Please refer to www.intel.com for any updates.<br>\r\n<br>\r\n***Support 4K@60Hz as specified in HDMI® 2.1.<br>\r\n<br>\r\nExpansion Slots<br>\r\nIntel® 12th Gen Processors*<br>\r\n<br>\r\n2 x PCIe 5.0 x16 slots (supports x16 or x8/x8 modes)**<br>\r\n<br>\r\nIntel® Z690 Chipset***<br>\r\n<br>\r\n1 x PCIe 3.0 x1 slot<br>\r\n<br>\r\n* Please check PCIe bifurcation table in support site.<br>\r\n<br>\r\n** M.2_1 shares bandwidth with PCIEX16(G5)_2. When M.2_1 is enabled, PCIEX16(G5)_2 will be disabled.<br>\r\n<br>\r\n*** Support Intel® Optane Memory H Series on PCH-attached PCIe slot.<br>\r\n<br>\r\nStorage<br>\r\nSupports 5 x M.2 slots and 6 x SATA 6Gb/s ports<br>\r\nTotal supports 5 x M.2 slots and 6 x SATA 6Gb/s ports*<br>\r\n<br>\r\nIntel® 12th Gen Processors<br>\r\n<br>\r\nM.2_1 slot (Key M), type 2242/2260/2280/22110***<br>\r\n<br>\r\n- Intel® 12th Gen processors support PCIe 5.0 x4 mode.<br>\r\n<br>\r\nM.2_2 slot (Key M), type 2280<br>\r\n<br>\r\n- Intel® 12th Gen processors support PCIe 4.0 x4 mode.<br>\r\n<br>\r\nIntel® Z690 Chipset**<br>\r\n<br>\r\nM.2_3 slot (Key M), type 2280 (supports PCIe 4.0 x4 &amp; SATA modes)<br>\r\n<br>\r\nDIMM.2_1 slot (Key M) via ROG DIMM.2, type 2242/2260/2280/22110 (supports PCIe 4.0 x4 mode)<br>\r\n<br>\r\nDIMM.2_2 slot (Key M) via ROG DIMM.2, type 2242/2260/2280/22110 (supports PCIe 4.0 x4 mode)<br>\r\n<br>\r\n6 x SATA 6Gb/s ports****<br>\r\n<br>\r\n* Intel® Rapid Storage Technology supports NVMe RAID 0/1/5, SATA RAID 0/1/5/10.<br>\r\n<br>\r\n** Intel® Rapid Storage Technology supports Intel® Optane Memory H Series on PCH attached M.2 slots.<br>\r\n<br>\r\n***M.2_1 shares bandwidth with PCIEX16(G5)_2. When M.2_1 is enabled, PCIEX16(G5)_2 will be disabled.<br>\r\n<br>\r\n****RAID configuration and boot drives are not supported on the SATA6G_E1-2 ports.<br>\r\n<br>\r\nEthernet<br>\r\n1 x Marvell® 10Gb Ethernet<br>\r\nASUS LANGuard<br>\r\nWireless &amp; Bluetooth<br>\r\nIntel® Wi-Fi 6E<br>\r\nUSB<br>\r\nRear USB:<br>\r\nTotal 10 ports<br>\r\n1 x Thunderbolt™ 4 port (1 x USB Type-C®)<br>\r\n1 x USB 3.2 Gen 2x2 port (1 x USB Type-C®)<br>\r\n8 x USB 3.2 Gen 2 ports (7 x Type-A + 1 x USB Type-C®)<br>\r\n1 x Thunderbolt™ 4 connector (1 x USB Type-C®)<br>\r\n1 x USB 3.2 Gen 2x2 connector (supports USB Type-C®)<br>\r\n2 x USB 3.2 Gen 1 headers support additional 4 USB 3.2 Gen 1 ports<br>\r\n2 x USB 2.0 headers support additional 4 USB 2.0 ports<br>\r\n<br>\r\nAudio<br>\r\nROG SupremeFX 7.1 Surround Sound High Definition Audio CODEC ALC4082<br>\r\n<br>\r\n- Impedance sense for front and rear headphone outputs<br>\r\n<br>\r\n- Supports: Jack-detection, Multi-streaming, Front Panel Jack-retasking<br>\r\n<br>\r\n- High quality 120 dB SNR stereo playback output and 113 dB SNR recording input<br>\r\n<br>\r\n- Supports up to 32-Bit/384 kHz playback<br>\r\n<br>\r\nAudio Features<br>\r\n<br>\r\n- SupremeFX Shielding Technology<br>\r\n<br>\r\n- ESS® SABRE9018Q2C DAC/AMP<br>\r\n<br>\r\n- LED-illuminated audio jacks<br>\r\n<br>\r\n- Rear optical S/PDIF out port<br>\r\n<br>\r\n- Premium audio capacitors<br>\r\n<br>\r\n- Audio cover<br>\r\nBack Panel I/O Ports<br>\r\n1 x Thunderbolt™ 4 USB Type-C® port<br>\r\n1 x USB 3.2 Gen 2x2 port (1 x USB Type-C®)<br>\r\n8 x USB 3.2 Gen 2 ports (7 x Type-A + 1 x USB Type-C®)<br>\r\n1 x HDMI® port<br>\r\n1 x ASUS Wi-Fi Module<br>\r\n1 x Intel® 2.5Gb Ethernet port<br>\r\n1 x Marvell® AQtion 10Gb Ethernet port<br>\r\n5 x LED-illuminated audio jacks<br>\r\n1 x Optical S/PDIF out port<br>\r\n1 x BIOS FlashBack™ button<br>\r\n1 x Clear CMOS button<br>\r\nInternal I/O Connectors<br>\r\nFan and Cooling related  <br>\r\n2 x 4-pin Chassis Fan headers  <br>\r\n2 x 4-pin Radiator Fan headers  <br>\r\n2 x W_PUMP+ headers  <br>\r\n1 x WB_SENSOR header  <br>\r\n1 x 2-pin Water In header  <br>\r\n1 x 2-pin Water Out header  <br>\r\n1 x 3-pin Water Flow header  <br>\r\nPower related   <br>\r\n1 x 24-pin Main Power connector  <br>\r\n2 x 8-pin +12V Power connector  <br>\r\n1 x 6-pin PCIe Graphics Card connector  <br>\r\nStorage related   <br>\r\n3 x M.2 slots (Key M)   <br>\r\n1 x DIMM.2 slot supports 2 x M.2 slots (Key M)  <br>\r\n6 x SATA 6Gb/s ports  <br>\r\nUSB   <br>\r\n1 x Intel® Thunderbolt™ 4 port (USB Type-C®)  <br>\r\n1 x USB 3.2 Gen 2x2 connector (supports USB Type-C®)   <br>\r\n2 x USB 3.2 Gen 1 headers support additional 4 USB 3.2 Gen 1 ports  <br>\r\n2 x USB 2.0 headers support additional 4 USB 2.0 ports  <br>\r\nMiscellaneous  <br>\r\n1 x 6-pin ARGB Gen 2 header to support 2 x ARGB Gen 2 headers  <br>\r\n1 x Addressable Gen 2 header  <br>\r\n1 x AURA RGB header  <br>\r\n1 x WB_ADD header  <br>\r\n1 x BIOS Switch button   <br>\r\n2 x BCLK button  <br>\r\n1 x FlexKey button   <br>\r\n1 x Front Panel Audio header (AAFP)   <br>\r\n1 x LN2 Mode jumper   <br>\r\n1 x Osc sence header  <br>\r\n12 x ProbeIt Measurement Points  <br>\r\n1 x ReTry button  <br>\r\n1 x RSVD switch  <br>\r\n1 x RSVD header  <br>\r\n1 x Safe Boot button  <br>\r\n1 x Slow Mode switch   <br>\r\n1 x Start button  <br>\r\n1 x V_Latch switch  <br>\r\n1 x 10-1 pin System Panel header  <br>\r\n1 x Thermal Sensor header<br>\r\n<br>\r\nSpecial Features<br>\r\nExtreme OC Kit<br>\r\n<br>\r\n - FlexKey button<br>\r\n  <br>\r\n- LN2 Mode<br>\r\n  <br>\r\n- Probelt<br>\r\n  <br>\r\n- ReTry button<br>\r\n  <br>\r\n- Safe boot button<br>\r\n  <br>\r\n- Start button<br>\r\n  <br>\r\n- Slow Mode<br>\r\n  <br>\r\nExtreme Engine Digi+<br>\r\n  <br>\r\n- 10K Black Metallic Capacitors<br>\r\n  <br>\r\n- MicroFine Alloy Choke <br>\r\n  <br>\r\nASUS Q-Design <br>\r\n  <br>\r\n- M.2 Q-Latch<br>\r\n  <br>\r\n- Q-Code<br>\r\n  <br>\r\n- Q-Connector<br>\r\n  <br>\r\n- Q-DIMM<br>\r\n  <br>\r\n- Q-LED (CPU [red], DRAM [yellow], VGA [white], Boot Device [yellow green])<br>\r\n  <br>\r\n- Q-Slot<br>\r\n  <br>\r\nASUS Thermal Solution<br>\r\n  <br>\r\n- M.2 heatsink backplate<br>\r\n  <br>\r\n- M.2 heatsink<br>\r\n  <br>\r\n- Steel backplate<br>\r\n  <br>\r\n- VRM heatsink design<br>\r\n  <br>\r\nASUS EZ DIY<br>\r\n<br>\r\n- BIOS FlashBack™ button<br>\r\n<br>\r\n- Clear CMOS button<br>\r\n<br>\r\n- ProCool II  <br>\r\n<br>\r\n- Pre-mounted I/O shield<br>\r\n<br>\r\n- SafeSlot<br>\r\n<br>\r\n- SafeDIMM<br>\r\n<br>\r\nAURA Sync<br>\r\n<br>\r\n- ROG AURA sync backplate<br>\r\n  <br>\r\n- AURA RGB header(s)<br>\r\n  <br>\r\n- Addressable Gen 2 header(s)<br>\r\n  <br>\r\nDual BIOS<br>\r\n  <br>\r\nOLED 2\"<br>\r\n  <br>\r\nFront Panel USB 3.2 Gen 2x2 with Quick Charge 4+ Support<br>\r\n  <br>\r\n- Support: up to 60W charging*<br>\r\n  <br>\r\n- Output: 5/9/15/20V max. 3A, PPS:3.3–21V max. 3A<br>\r\n  <br>\r\n- Compatible with QC 4.0/3.0/2.0, PD3.0 and PPS<br>\r\n  <br>\r\n* To support 60W, please install the power cable to 6-pin PCIe Graphics Card connector or can only support 27W<br>\r\n<br>\r\nASUS HYDRANODE<br>\r\n<br>\r\n- 2 x Chassis fan support* (CHA_FAN1P,CHA_FAN2P)<br>\r\n<br>\r\n* Visit ASUS Website for the latest compatibility list.<br>\r\n<br>\r\nSoftware Features<br>\r\nROG Exclusive Software<br>\r\n  <br>\r\n- GameFirst VI<br>\r\n  <br>\r\n- ROG CPU-Z<br>\r\n  <br>\r\n- Sonic Studio III + Sonic Studio Virtual Mixer + Sonic Suite Companion<br>\r\n  <br>\r\n- Sonic Radar III<br>\r\n  <br>\r\n- DTS® Sound Unbound <br>\r\n  <br>\r\n- BullGuard Internet Security (1-year full version)<br>\r\n  <br>\r\nASUS Exclusive Software<br>\r\n  <br>\r\nArmoury Crate<br>\r\n  <br>\r\n- AIDA64 Extreme (1 year full version)<br>\r\n  <br>\r\n- AURA Creator<br>\r\n  <br>\r\n- AURA Sync<br>\r\n  <br>\r\n- Fan Xpert 4 <br>\r\n  <br>\r\n- Two-Way AI Noise Cancelation<br>\r\n  <br>\r\n- OLED Display<br>\r\n  <br>\r\n- AniMe MatrixTM LED Display<br>\r\n  <br>\r\nAI Suite 3<br>\r\n  <br>\r\n- Easy Optimization with AI Overclocking<br>\r\n  <br>\r\n TPU<br>\r\n  <br>\r\n EPU <br>\r\n  <br>\r\n DIGI+ Power Control<br>\r\n  <br>\r\n Turbo app<br>\r\n  <br>\r\nMyAsus<br>\r\n  <br>\r\nWinRAR<br>\r\n  <br>\r\nUEFI BIOS<br>\r\n  <br>\r\nAI Overclocking Guide<br>\r\n  <br>\r\nASUS EZ DIY <br>\r\n  <br>\r\n- ASUS CrashFree BIOS 3 <br>\r\n  <br>\r\n- ASUS EZ Flash 3 <br>\r\n  <br>\r\n- ASUS UEFI BIOS EZ Mode<br>\r\n  <br>\r\nMemTest86<br>\r\n<br>\r\nBIOS<br>\r\n2 x 256 Mb Flash ROM, UEFI AMI BIOS<br>\r\nManageability<br>\r\nWOL by PME, PXE<br>\r\nAccessories<br>\r\n<br>\r\nCables  <br>\r\n1 x 1-to-3 ARGB splitter cable<br>\r\n  <br>\r\n1 x 1-to-2 ARGB splitter cable<br>\r\n  <br>\r\n2 x 1-to-4 fan splitter cables<br>\r\n  <br>\r\n1 x RGB extension cable<br>\r\n  <br>\r\n3 x ROG weave SATA 6G cables<br>\r\n  <br>\r\n1 x 3-in-1 Thermistor cables pack<br>\r\n  <br>\r\nROG Fan Controller<br>\r\n  <br>\r\n1 x ROG Fan Controller<br>\r\n  <br>\r\n1 x Fan EXT PWR cable<br>\r\n  <br>\r\n1 x ARGB input cable <br>\r\n  <br>\r\n1 x USB input cable <br>\r\n  <br>\r\n1 x ROG Fan Controller 3M Mounting tape<br>\r\n  <br>\r\n1 x Fan Controller manual<br>\r\n  <br>\r\nROG DIMM.2 with Heatsink<br>\r\n  <br>\r\n1 x ROG DIMM.2 with heatsink<br>\r\n  <br>\r\n1 x M.2 pad for ROG DIMM.2<br>\r\n  <br>\r\n2 x M.2 screw package for ROG DIMM.2<br>\r\n  <br>\r\nAdditional Cooling Kit<br>\r\n  <br>\r\n1 x Monoblock<br>\r\n  <br>\r\n3 x Screw package for monoblock<br>\r\n  <br>\r\n1 x Thermal pad for monoblock<br>\r\n  <br>\r\n1 x Fittings for monoblock<br>\r\n  <br>\r\n1 x M.2 heatsink<br>\r\n  <br>\r\nMiscellaneous<br>\r\n  <br>\r\n1 x ASUS Wi-Fi moving antennas <br>\r\n  <br>\r\n1 x M.2 SSD screw package<br>\r\n  <br>\r\n1 x Q-connector<br>\r\n  <br>\r\n1 x ROG CLAVIS DAC<br>\r\n  <br>\r\n1 x ROG graphics card holder<br>\r\n  <br>\r\n1 x ROG key chain<br>\r\n  <br>\r\n1 x ROG logo plate stickers<br>\r\n  <br>\r\n1 x ROG screwdriver<br>\r\n  <br>\r\n1 x ROG stickers<br>\r\n  <br>\r\n1 x ROG thank you card<br>\r\n  <br>\r\nInstallation Media<br>\r\n  <br>\r\n1 x USB drive with utilities and drivers <br>\r\n  <br>\r\nDocumentation<br>\r\n<br>\r\n1 x User guide<br>\r\n<br>\r\nOperating System<br>\r\nWindows 10 64bit<br>\r\nWindows® 11 64-bit, Windows® 10 64-bit<br>\r\nForm Factor<br>\r\nExtended ATX<br>\r\n30.5cm x 27.7cm</div>', 529000, 'ASUS ROG MAXIMUS Z690 EXTREME GLACIAL697.png', 32, 'yes'),
(22, 'G.SKILL TRIDENTZ5 RGB 32GB (2 X 16G', 36, '<br>\r\nMemory Type<br>\r\nDDR5<br>\r\nCapacity<br>\r\n32GB (16GBx2)<br>\r\nMulti-Channel Kit<br>\r\nDual Channel Kit<br>\r\nTested Speed (XMP)<br>\r\n5600 MT/s<br>\r\nTested Latency (XMP)<br>\r\n36-36-36-89<br>\r\nTested Voltage (XMP)<br>\r\n1.20V<br>\r\nRegistered/Unbuffered<br>\r\nUnbuffered<br>\r\nError Checking<br>\r\nNon-ECC<br>\r\nSPD Speed (Default)<br>\r\n4800 MT/s<br>\r\nSPD Voltage (Default)<br>\r\n1.10V<br>\r\nFan Included<br>\r\nNo<br>\r\nWarranty<br>\r\nLimited Lifetime<br>\r\nFeatures<br>\r\nIntel XMP 3.0 (Extreme Memory Profile) Ready<br>\r\nAdditional Notes<br>\r\nThis memory kit will boot at the SPD speed when BIOS settings are at default.<br>\r\nEnable the XMP/DOCP/A-XMP profile in the BIOS to reach the rated overclock speed of this memory kit.<br>\r\nMaximum memory speed and system stability depends on the capability of the motherboard & CPU.<br>\r\n</div>', 138000, 'G.SKILL TRIDENTZ5 RGB 32GB (2 X 16GB) DDR56764.png', 34, 'yes'),
(50, 'INTEL CORE I7-12700K PROCESSOR', 36, 'Total Cores<br>\r\n12<br>\r\n<br>\r\n# of Performance-cores<br>\r\n8<br>\r\n<br>\r\n# of Efficient-cores<br>\r\n4<br>\r\n<br>\r\nTotal Threads<br>\r\n20<br>\r\n<br>\r\nMax Turbo Frequency<br>\r\n5.00 GHz<br>\r\n<br>\r\nIntel® Turbo Boost Max Technology 3.0 Frequency ‡<br>\r\n5.00 GHz<br>\r\n<br>\r\nPerformance-core Max Turbo Frequency<br>\r\n4.90 GHz<br>\r\n<br>\r\nEfficient-core Max Turbo Frequency<br>\r\n3.80 GHz<br>\r\n<br>\r\nPerformance-core Base Frequency<br>\r\n3.60 GHz<br>\r\n<br>\r\nEfficient-core Base Frequency<br>\r\n2.70 GHz<br>\r\n<br>\r\nCache<br>\r\n25 MB Intel® Smart Cache<br>\r\n<br>\r\nTotal L2 Cache<br>\r\n12 MB<br>\r\n<br>\r\nProcessor Base Power<br>\r\n125 W<br>\r\n<br>\r\nMaximum Turbo Power<br>\r\n190 W<br>\r\n<br>\r\nSupplemental Information<br>\r\nEmbedded Options Available<br>\r\nNo<br>\r\n<br>\r\nMemory Specifications<br>\r\nMax Memory Size (dependent on memory type)<br>\r\n128 GB<br>\r\n<br>\r\nMemory Types<br>\r\nUp to DDR5 4800 MT/s<br>\r\nUp to DDR4 3200 MT/s<br>\r\n<br>\r\nMax # of Memory Channels<br>\r\n2<br>\r\n<br>\r\nMax Memory Bandwidth<br>\r\n76.8 GB/s<br>\r\n<br>\r\nProcessor Graphics<br>\r\nProcessor Graphics ‡<br>\r\nIntel® UHD Graphics 770<br>\r\n<br>\r\nGraphics Base Frequency<br>\r\n300 MHz<br>\r\n<br>\r\nGraphics Max Dynamic Frequency<br>\r\n1.50 GHz<br>\r\n<br>\r\nGraphics Output<br>\r\neDP 1.4b, DP 1.4a, HDMI 2.1<br>\r\n<br>\r\nExecution Units<br>\r\n32<br>\r\n<br>\r\nMax Resolution (HDMI)‡<br>\r\n4096 x 2160 @ 60Hz<br>\r\n<br>\r\nMax Resolution (DP)‡<br>\r\n7680 x 4320 @ 60Hz<br>\r\n<br>\r\nMax Resolution (eDP - Integrated Flat Panel)‡<br>\r\n5120 x 3200 @ 120Hz<br>\r\n<br>\r\nDirectX* Support<br>\r\n12<br>\r\n<br>\r\nOpenGL* Support<br>\r\n4.5<br>\r\n<br>\r\nMulti-Format Codec Engines<br>\r\n2<br>\r\n<br>\r\nIntel® Quick Sync Video<br>\r\nYes<br>\r\n<br>\r\nIntel® Clear Video HD Technology<br>\r\nYes<br>\r\n<br>\r\n# of Displays Supported ‡<br>\r\n4<br>\r\n<br>\r\nDevice ID<br>\r\n0x4680<br>\r\n<br>\r\nOpenCL* Support<br>\r\n2.1<br>\r\n<br>\r\nExpansion Options<br>\r\nDirect Media Interface (DMI) Revision<br>\r\n4.0<br>\r\n<br>\r\nMax # of DMI Lanes<br>\r\n8<br>\r\n<br>\r\nScalability<br>\r\n1S Only<br>\r\n<br>\r\nPCI Express Revision<br>\r\n5.0 and 4.0<br>\r\n<br>\r\nPCI Express Configurations ‡<br>\r\nUp to 1x16+4, 2x8+4<br>\r\n<br>\r\nMax # of PCI Express Lanes<br>\r\n20<br>\r\n<br>\r\nPackage Specifications<br>\r\nSockets Supported<br>\r\nFCLGA1700<br>\r\n<br>\r\nMax CPU Configuration<br>\r\n1<br>\r\n<br>\r\nThermal Solution Specification<br>\r\nPCG 2020A<br>\r\n<br>\r\nTJUNCTION<br>\r\n100°C<br>\r\n<br>\r\nPackage Size<br>\r\n45.0 mm x 37.5 mm<br>\r\n<br>\r\nAdvanced Technologies<br>\r\nIntel® Gaussian &amp; Neural Accelerator<br>\r\n3.0<br>\r\n<br>\r\nIntel® Thread Director<br>\r\nYes<br>\r\n<br>\r\nIntel® Deep Learning Boost (Intel® DL Boost)<br>\r\nYes<br>\r\n<br>\r\nIntel® Optane™ Memory Supported ‡<br>\r\nYes<br>\r\n<br>\r\nIntel® Speed Shift Technology<br>\r\nYes<br>\r\n<br>\r\nIntel® Turbo Boost Max Technology 3.0 ‡<br>\r\nYes<br>\r\n<br>\r\nIntel® Turbo Boost Technology ‡<br>\r\n2.0<br>\r\n<br>\r\nIntel® Hyper-Threading Technology ‡<br>\r\nYes<br>\r\n<br>\r\nIntel® Virtualization Technology (VT-x) ‡<br>\r\nYes<br>\r\n<br>\r\nIntel® Virtualization Technology for Directed I/O (VT-d) ‡<br>\r\nYes<br>\r\n<br>\r\nIntel® VT-x with Extended Page Tables (EPT) ‡<br>\r\nYes<br>\r\n<br>\r\nIntel® 64 ‡<br>\r\nYes<br>\r\n<br>\r\nInstruction Set<br>\r\n64-bit<br>\r\n<br>\r\nInstruction Set Extensions<br>\r\nIntel® SSE4.1, Intel® SSE4.2, Intel® AVX2<br>\r\n<br>\r\nIdle States<br>\r\nYes<br>\r\n<br>\r\nEnhanced Intel SpeedStep® Technology<br>\r\nYes<br>\r\n<br>\r\nThermal Monitoring Technologies<br>\r\nYes<br>\r\n<br>\r\nIntel® Volume Management Device (VMD)<br>\r\nYes<br>\r\n<br>\r\nSecurity &amp; Reliability<br>\r\nIntel® AES New Instructions<br>\r\nYes<br>\r\n<br>\r\nSecure Key<br>\r\nYes<br>\r\n<br>\r\nIntel® OS Guard<br>\r\nYes<br>\r\n<br>\r\nExecute Disable Bit ‡<br>\r\nYes<br>\r\n<br>\r\nIntel® Boot Guard<br>\r\nYes<br>\r\n<br>\r\nMode-based Execute Control (MBE)<br>\r\nYes<br>\r\n<br>\r\nIntel® Control-Flow Enforcement Technology<br>\r\nYes</div>', 165000, '62a3195a891a94.91029729.png', 33, 'yes'),
(51, 'AMD RYZEN 9 5950X', 36, '\r\nSpecifications<br>\r\n# of CPU Cores<br>\r\n16<br>\r\n# of Threads<br>\r\n32<br>\r\nBase Clock<br>\r\n3.4GHz<br>\r\nMax Boost Clock <br>\r\nUp to 4.9GHz<br>\r\nTotal L2 Cache<br>\r\n8MB<br>\r\nTotal L3 Cache<br>\r\n64MB<br>\r\nUnlocked <br>\r\nYes<br>\r\nCMOS<br>\r\nTSMC 7nm FinFET<br>\r\nPackage<br>\r\nAM4<br>\r\nPCI Express® Version<br>\r\nPCIe 4.0<br>\r\nThermal Solution (PIB)<br>\r\nNot included<br>\r\nDefault TDP / TDP<br>\r\n105W<br>\r\nMax Temps<br>\r\n90°C<br>\r\nSystem Memory<br>\r\nSystem Memory Specification<br>\r\nUp to 3200MHz<br>\r\nSystem Memory Type<br>\r\nDDR4<br>\r\nKey Features<br>\r\nSupported Technologies<br>\r\nAMD \"Zen 3\" Core Architecture<br>\r\nAMD StoreMI Technology<br>\r\nAMD Ryzen™ Master Utility<br>\r\nAMD Ryzen™ VR-Ready Premium</div>', 198000, '62a31a19626795.92039284.png', 33, 'yes'),
(52, 'AMD RYZEN 9 3950X', 36, '\r\nSpecifications<br>\r\n# of CPU Cores<br>\r\n16<br>\r\n# of Threads<br>\r\n32<br>\r\nBase Clock<br>\r\n3.5GHz<br>\r\nMax Boost Clock <br>\r\nUp to 4.7GHz<br>\r\nTotal L1 Cache<br>\r\n1MB<br>\r\nTotal L2 Cache<br>\r\n8MB<br>\r\nTotal L3 Cache<br>\r\n64MB<br>\r\nUnlocked <br>\r\nYes<br>\r\nCMOS<br>\r\nTSMC 7nm FinFET<br>\r\nPackage<br>\r\nAM4<br>\r\nPCI Express® Version<br>\r\nPCIe 4.0 x16<br>\r\nThermal Solution (PIB)<br>\r\nCooler Not Included, Liquid Cooling Recommended<br>\r\nDefault TDP / TDP<br>\r\n105W<br>\r\nSystem Memory<br>\r\nSystem Memory Specification<br>\r\n3200MHz<br>\r\nSystem Memory Type<br>\r\nDDR4<br>\r\nMemory Channels<br>\r\n2</div>', 159000, '62a31a8f645194.47092188.png', 33, 'yes'),
(53, 'INTEL CORE I7-11700K PROCESSOR', 36, 'CPU Specifications<br>\r\n# of Cores<br>\r\n8<br>\r\n<br>\r\n# of Threads<br>\r\n16<br>\r\n<br>\r\nProcessor Base Frequency<br>\r\n3.60 GHz<br>\r\n<br>\r\nMax Turbo Frequency<br>\r\n5.00 GHz<br>\r\n<br>\r\nCache<br>\r\n16 MB Intel® Smart Cache<br>\r\n<br>\r\nBus Speed<br>\r\n8 GT/s<br>\r\n<br>\r\nIntel® Turbo Boost Max Technology 3.0 Frequency ‡<br>\r\n5.00 GHz<br>\r\n<br>\r\nIntel® Turbo Boost Technology 2.0 Frequency‡<br>\r\n4.90 GHz<br>\r\n<br>\r\nTDP<br>\r\n125 W<br>\r\n<br>\r\nConfigurable TDP-down Frequency<br>\r\n3.10 GHz<br>\r\n<br>\r\nConfigurable TDP-down<br>\r\n95 W<br>\r\n<br>\r\nSupplemental Information<br>\r\nEmbedded Options Available<br>\r\nNo<br>\r\n<br>\r\nMemory Specifications<br>\r\nMax Memory Size (dependent on memory type)<br>\r\n128 GB<br>\r\n<br>\r\nMemory Types<br>\r\nDDR4-3200<br>\r\n<br>\r\nMax # of Memory Channels<br>\r\n2<br>\r\n<br>\r\nMax Memory Bandwidth<br>\r\n50 GB/s<br>\r\n<br>\r\nECC Memory Supported ‡<br>\r\nNo<br>\r\n<br>\r\nProcessor Graphics<br>\r\nProcessor Graphics ‡<br>\r\nIntel® UHD Graphics 750<br>\r\n<br>\r\nGraphics Base Frequency<br>\r\n350 MHz<br>\r\n<br>\r\nGraphics Max Dynamic Frequency<br>\r\n1.30 GHz<br>\r\n<br>\r\nGraphics Video Max Memory<br>\r\n64 GB<br>\r\n<br>\r\nExecution Units<br>\r\n32<br>\r\n<br>\r\n4K Support<br>\r\nYes, at 60Hz<br>\r\n<br>\r\nMax Resolution (HDMI)‡<br>\r\n4096x2160@60Hz<br>\r\n<br>\r\nMax Resolution (DP)‡<br>\r\n5120 x 3200 @60Hz<br>\r\n<br>\r\nMax Resolution (eDP - Integrated Flat Panel)‡<br>\r\n5120 x 3200 @60Hz<br>\r\n<br>\r\nDirectX* Support<br>\r\n12.1<br>\r\n<br>\r\nOpenGL* Support<br>\r\n4.5<br>\r\n<br>\r\nIntel® Quick Sync Video<br>\r\nYes<br>\r\n<br>\r\nIntel® InTru™ 3D Technology<br>\r\nYes<br>\r\n<br>\r\nIntel® Clear Video HD Technology<br>\r\nYes<br>\r\n<br>\r\nIntel® Clear Video Technology<br>\r\nYes<br>\r\n<br>\r\n# of Displays Supported ‡<br>\r\n3<br>\r\n<br>\r\nDevice ID<br>\r\n0x4C8A<br>\r\n<br>\r\nOpenCL* Support<br>\r\n3.0<br>\r\n<br>\r\nExpansion Options<br>\r\nScalability<br>\r\n1S Only<br>\r\n<br>\r\nPCI Express Revision<br>\r\n4.0<br>\r\n<br>\r\nPCI Express Configurations ‡<br>\r\nUp to 1x16+1x4, 2x8+1x4, 1x8+3x4<br>\r\n<br>\r\nMax # of PCI Express Lanes<br>\r\n20<br>\r\n</div>', 127000, 'INTEL CORE I7-11700K PROCESSOR3132.png', 33, 'yes'),
(54, 'PNY GEFORCE RTX 3070TI 8GB XLR8', 36, '\r\nThe GeForce RTX™ 3070 Ti graphics card is powered by Ampere—NVIDIA’s 2nd gen RTX architecture. Built with enhanced RT Cores and Tensor Cores, new streaming multiprocessors, and superfast G6X memory, it gives you the power you need to rip through the most demanding games.<br>\r\n<br>\r\nProduct Specifications<br>\r\nPNY Part Number	VCG3070T8TFXMPB<br>\r\nUPC Code	751492647760<br>\r\nCUDA Cores	6144<br>\r\nClock Speed	1575 MHz<br>\r\nBoost Speed	1770 MHz<br>\r\nMemory Speed (Gbps)	19<br>\r\nMemory Size	8GB GDDR6X<br>\r\nMemory Interface	256-bit<br>\r\nMemory Bandwidth (GB/sec)	608<br>\r\nTDP	290 W<br>\r\nNVLink	Not Supported<br>\r\nOutputs	DisplayPort 1.4 (x3), HDMI 2.1<br>\r\nMulti-Screen	4<br>\r\nResolution	7680 × 4320 @60Hz (Digital)<br>\r\nPower Input	Two 8-Pin<br>\r\nBus Type	PCI-Express 4.0 ×16<br>\r\nCard Dimensions	12.48\" x 4.53\" x 2.36\"; 3-Slot<br>\r\nBox Dimensions	7.48\" x 14.96\" x 3.54\"</div>', 369000, '62a32a6deca2a5.05289754.png', 31, 'yes'),
(55, 'MSI RTX 3080 SEA HAWK X 10G', 36, '\r\nModel Name GeForce RTX™ 3080 SEA HAWK X 10G LHR<br>\r\nGraphics Processing Unit NVIDIA® GeForce RTX™ 3080<br>\r\nInterface PCI Express® Gen 4<br>\r\nCores 8704 Units<br>\r\nCore Clocks Boost: 1785 MHz<br>\r\nMemory Speed 19 Gbps<br>\r\nMemory 10GB GDDR6X<br>\r\nMemory Bus 320-bit<br>\r\nOutput<br>\r\nDisplayPort x 3 (v1.4a)<br>\r\nHDMI x 1 (Supports 4K@120Hz as specified<br>\r\nin HDMI 2.1)<br>\r\nHDCP Support Y<br>\r\nPower consumption 320 W<br>\r\nPower connectors 8-pin x 2<br>\r\nRecommended PSU 750W<br>\r\nCard Dimension (mm)<br>\r\nCard: 271.4 x 125.8 x 44.3mm<br>\r\nCooler: 274.5 x 124.4 x 50.4mm<br>\r\nTube: 470 x 10.8mm<br>\r\nWeight (Card / Package) 1992g / 3100g<br>\r\nDirectX Version Support 12 API<br>\r\nOpenGL Version Support 4.6<br>\r\nMulti-GPU Technology Y<br>\r\nMaximum Displays 4<br>\r\nVR Ready Y<br>\r\nG-SYNC®<br>\r\n technology Y<br>\r\nAdaptive Vertical Sync Y<br>\r\nDigital Maximum Resolution 7680 x 4320</div>', 349000, 'MSI RTX 3080 SEA HAWK X 10G6114.png', 31, 'yes'),
(56, 'GIGABYTE RTX 3060 EAGLE OC 12G', 36, '\r\nGraphics Processing<br>\r\nGeForce RTX™ 3060<br>\r\nCore Clock<br>\r\n1807 MHz (Reference Card: 1777 MHz)<br>\r\nCUDA® Cores<br>\r\n3584<br>\r\nMemory Clock<br>\r\n15000 MHz<br>\r\nMemory Size<br>\r\n12 GB<br>\r\nMemory Type<br>\r\nGDDR6<br>\r\nMemory Bus<br>\r\n192 bit<br>\r\nMemory Bandwidth (GB/sec)<br>\r\n360 GB/s<br>\r\nCard Bus<br>\r\nPCI-E 4.0 x 16<br>\r\nDigital max resolution<br>\r\n7680x4320<br>\r\nMulti-view<br>\r\n4<br>\r\nCard size<br>\r\nL=242 W=124 H=41 mm<br>\r\nPCB Form<br>\r\nATX<br>\r\nDirectX<br>\r\n12 Ultimate<br>\r\nOpenGL<br>\r\n4.6<br>\r\nRecommended PSU<br>\r\n550W<br>\r\nPower Connectors<br>\r\n8 pin*1<br>\r\nOutput<br>\r\nDisplayPort 1.4a *2<br>\r\nHDMI 2.1 *2</div>', 245000, 'GIGABYTE RTX 3060 EAGLE OC 12G8321.png', 31, 'yes'),
(57, 'PALIT RTX 3070TI GAMINGPRO 8GB', 36, '\r\nPalit GeForce RTX™ 3070 Ti GamingPro delivers stunning visuals, incredibly fast frame rates, and AI acceleration for gaming and creative applications. Equipped with Triple A Die Casting Plate Kit and Advanced TurboFan 3.0, the model brings amazing thermal performance. Combining an iron-black and silver-grey design with ARGB, the card also allows customized lighting effects to suit gamers’ own style.<br>\r\n<br>\r\nNVIDIA RTX is the most advanced platform for ray tracing and AI technologies that are revolutionizing the ways we play and create. Over 150 top games and applications use RTX to deliver realistic graphics with incredibly fast performance or cutting-edge new AI features like NVIDIA DLSS and NVIDIA Reflex.<br>\r\n<br>\r\nMemory Amount	8G<br>\r\nMemory Interface	256bit<br>\r\nDRAM Type	GDDR6X<br>\r\nGraphics Clock	1575 MHz<br>\r\nBoost Clock	1770 MHz<br>\r\nMemory Clock	19 Gbps<br>\r\nCUDA Cores	6144<br>\r\nMemory Bandwidth (GB/sec)	608<br>\r\nMicrosoft DirectX	Microsoft DirectX® 12 Ultimate<br>\r\nOpenGL	4.6<br>\r\nBus Support	PCI-E 4.0<br>\r\nHDMI	HDMI 2.1<br>\r\nDisplayPort	DP1.4a x 3<br>\r\nMaximum Digital Resolution	7680x4320<br>\r\nHeight	2.7 slot<br>\r\nBoard Size	294 x 112 x 60 mm<br>\r\nGraphics Card Power	290W<br>\r\nMinimum Recommended System Power	750W<br>\r\nSupplementary Power Connectors	8-pin X2<br>\r\nAccessory	Manual, Power Cable</div>', 275000, 'PALIT RTX 3070TI GAMINGPRO 8GB6231.png', 31, 'yes'),
(58, 'MSI RADEON RX 6600 ARMOR 8G', 36, '\r\nModel Name Radeon™ RX 6600 ARMOR 8G V1<br>\r\nGraphics Processing Unit AMD Radeon™ RX 6600<br>\r\nInterface PCI Express®<br>\r\n 4.0 x8<br>\r\nCores 1792 Units<br>\r\nCore Clocks Boost: Up to 2491 MHz<br>\r\nGame: Up to 2044 MHz<br>\r\nMemory Speed 14 Gbps<br>\r\nMemory 8GB GDDR6<br>\r\nMemory Bus 128-bit<br>\r\nOutput<br>\r\nDisplayPort x 3 (v1.4)<br>\r\nHDMI x 1 (Supports 4K@120Hz/8K@60Hz and<br>\r\nVRR as specified in HDMI 2.1)<br>\r\nHDCP Support Y<br>\r\nPower consumption 132 W<br>\r\nPower connectors 8-pin x 1<br>\r\nRecommended PSU 500 W or greater<br>\r\nCard Dimension (mm) 238 x 128 x 39 mm<br>\r\nWeight (Card / Package) 621 g / 1105 g<br>\r\nDirectX Version Support 12 API<br>\r\nOpenGL Version Support 4.6<br>\r\nMulti-GPU Technology Y<br>\r\nAfterburner OC Y<br>\r\nMaximum Displays 4<br>\r\nVR Ready Y<br>\r\nDigital Maximum Resolution 7680 x 4320</div>', 149000, 'MSI RADEON RX 6600 ARMOR 8G5670.png', 31, 'yes'),
(59, 'INNO3D RTX 3080 ICHILL X4 LHR 10GB', 36, '\r\nGPU Engine Specs:	 <br>\r\nCUDA Cores	8704<br>\r\nBoost Clock (MHz)	1770<br>\r\nBase Clock(MHz)	1440<br>\r\nThermal and Power Spec:	 <br>\r\nMinimum System Power Requirement (W)	750<br>\r\nSupplementary Power Connectors	8+8-pin<br>\r\nMemory Specs:	 <br>\r\nMemory Clock	19Gbps<br>\r\nStandard Memory Config	10GB<br>\r\nMemory Interface	GDDR6X<br>\r\nMemory Interface Width	320-bit<br>\r\nMemory Bandwidth (GB/sec)	760<br>\r\nFeature Support:	 <br>\r\nReal-Time Ray Tracing	Yes<br>\r\nRay Tracing Cores	2nd Generation<br>\r\nTensor Cores	3rd Generation<br>\r\nNVIDIA Architecture	Ampere<br>\r\nMicrosoft DirectX	12 Ultimate<br>\r\nNVIDIA DLSS	Yes<br>\r\nPCI Express Gen 4	Yes<br>\r\nNVIDIA GeForce Experience	Yes<br>\r\nNVIDIA Ansel	Yes<br>\r\nNVIDIA FreeStyle	Yes<br>\r\nBus Support	PCI-E 4.0 X16<br>\r\nNVIDIA ShadowPlay	Yes<br>\r\nNVIDIA Highlights	Yes<br>\r\nOS Certification	Windows 10, Linux, FreeBSDx86<br>\r\nNVIDIA G-SYNC™-Ready	Yes<br>\r\nLighting module	Programmable RGB: Aura Sync, Mystic Light, RGB Fusion<br>\r\nGame Ready Drivers	Yes<br>\r\nNVIDIA Studio Drivers	Yes<br>\r\nNVIDIA GPU Boost™	Yes<br>\r\nVulkan API	Yes<br>\r\nOpenGL	4.6<br>\r\nHDMI 2.1	Yes<br>\r\nDisplayPort 1.4a	Yes<br>\r\nNVIDIA Encoder	7th Generation<br>\r\nNVIDIA Decoder	5th Generation<br>\r\nLHR	This GeForce RTX 3080 graphics card with LHR (lite hash rate) delivers 43 MH/s ETH hash rate (est.).<br>\r\nAccessories:	 <br>\r\nInstallation Guide	Yes<br>\r\nPower Guide	Yes<br>\r\nGraphics Card Dimensions:	 <br>\r\nLength	300mm<br>\r\nHeight	135mm<br>\r\nWidth	3-slot<br>\r\nDisplay Support:	 <br>\r\nMulti Monitor	Yes<br>\r\nMaxmium Digital Resolution	7680x4320<br>\r\nHDCP	2.3<br>\r\nStandard Display Connectors	HDMI 2.1, 3x DisplayPort 1.4a</div>', 469000, 'INNO3D RTX 3080 ICHILL X4 LHR 10GB4207.png', 31, 'yes'),
(60, 'ASUS ROG MAXIMUS Z690 EXTREME', 36, '\r\nSocket LGA1700 for 12th Gen Intel® Core™, Pentium® Gold and Celeron® Processors<br>\r\nIntelligent Control: ASUS-exclusive tools including AI Overclocking, AI Cooling, AI Networking and Two-Way AI Noise-Cancelation for easy configuration<br>\r\nRobust Power Solution: 24+1 teamed power stages rated for 105 A, ProCool II power connectors, MicroFine alloy chokes and premium metallic capacitors<br>\r\nOptimized Thermal Design: Cold forged heatsink, enlarged VRM heatsinks plus integrated aluminum I/O cover, high-conductivity thermal pad, penta M.2 heatsinks and dual with embedded backplates and ROG Water-Cooling Zone<br>\r\nHigh Performance Networking: Onboard Wi-Fi 6E, Marvell® AQtion 10Gb, Intel® 2.5Gb Ethernet, and ASUS LANGuard<br>\r\nFastest Gaming Connectivity: PCIe® 5.0, Gen 5 M.2 slots, USB 3.2 Gen 2x2 front-panel connector with Thunderbolt™ 4 support, rear triple USB Type-C® ports<br>\r\nIndustry Leading Immersive Audio: ROG SupremeFX ALC4082 codec with ESS® ES9018Q2C DAC for high-fidelity audio<br>\r\nUnmatched Personalization: AniMe Matrix™ LED display, 2” LiveDash OLED, ASUS-exclusive Aura Sync RGB lighting, including one RGB header and three addressable Gen 2 RGB headers<br>\r\nDIY Friendly Design: Pre-mounted I/O shield, PCIe slot Q-release, V-Latch switch, BIOS FlashBack™, Q-Code, FlexKey, Q-Connector, M.2 Q-Latch, SafeSlot, ROG Glavis and ROG graphics card holder<br>\r\nRenowned Software: Bundled 1-year AIDA64 Extreme subscription and intuitive UEFI BIOS dashboard with integrated MemTest86<br>\r\n<br>\r\nCPU<br>\r\nIntel® Socket LGA1700 for 12th Gen Intel® Core™, Pentium® Gold and Celeron® Processors<br>\r\n Intel® Socket LGA1700 for 12th Gen Intel® Core™, Pentium® Gold and Celeron® Processors*<br>\r\n<br>\r\nSupports Intel® Turbo Boost Technology 2.0 and Intel® Turbo Boost Max Technology 3.0**<br>\r\n  <br>\r\n* Refer to www.asus.com for CPU support list.<br>\r\n<br>\r\n  <br>\r\n** Intel® Turbo Boost Max Technology 3.0 support depends on the CPU types. <br>\r\n<br>\r\nChipset<br>\r\nZ690<br>\r\nMemory<br>\r\n4 x DIMM, Max. 128GB, DDR5 6400+(OC)/ 6200(OC)/ 6000(OC)/ 5800(OC)/ 5600(OC)/ 5400(OC)/ 5200(OC)/5000(OC)/4800 Non-ECC, Un-buffered Memory*<br>\r\n<br>\r\n  <br>\r\nDual Channel Memory Architecture<br>\r\n<br>\r\n  <br>\r\nSupports Intel® Extreme Memory Profile (XMP)<br>\r\n<br>\r\n  <br>\r\nOptiMem III<br>\r\n<br>\r\n  <br>\r\n*Supported memory types, data rate(Speed), and number of DRAM module vary depending on the CPU and memory configuration, for more information refer to www.asus.com for memory support list.<br>\r\n<br>\r\nGraphics<br>\r\n 2 x Intel® Thunderbolt™ 4 ports (USB Type-C®) support DisplayPort 1.4 and Thunderbolt™ video outputs<br>\r\n<br>\r\n* Graphics specifications may vary between CPU types. Please refer to www.intel.com for any updates.<br>\r\n  <br>\r\n***Support 4K@60Hz as specified in HDMI® 2.1.<br>\r\n<br>\r\nExpansion Slots<br>\r\nIntel® 12th Gen Processors*<br>\r\n<br>\r\n  <br>\r\n2 x PCIe 5.0 x16 slots (supports x16 or x8/x8 modes)**<br>\r\n<br>\r\n  <br>\r\nIntel® Z690 Chipset***<br>\r\n<br>\r\n  <br>\r\n1 x PCIe 3.0 x1 slot<br>\r\n<br>\r\n  <br>\r\n* Please check PCIe bifurcation table in support site.<br>\r\n<br>\r\n  <br>\r\n** M.2_1 shares bandwidth with PCIEX16(G5)_2. When M.2_1 is enabled, PCIEX16(G5)_2 will be disabled.<br>\r\n<br>\r\n  <br>\r\n*** Support Intel® Optane Memory H Series on PCH-attached PCIe slot.<br>\r\n<br>\r\nStorage<br>\r\nSupports 5 x M.2 slots and 6 x SATA 6Gb/s ports<br>\r\nTotal supports 5 x M.2 slots and 6 x SATA 6Gb/s ports*<br>\r\n<br>\r\n  <br>\r\nIntel® 12th Gen Processors<br>\r\n<br>\r\n  <br>\r\nM.2_1 slot (Key M), type 2242/2260/2280/22110*** <br>\r\n<br>\r\n  <br>\r\n- Intel® 12th Gen processors support PCIe 5.0 x4 mode.<br>\r\n<br>\r\n  <br>\r\nM.2_2 slot (Key M), type 2280<br>\r\n<br>\r\n  <br>\r\n- Intel® 12th Gen processors support PCIe 4.0 x4 mode.<br>\r\n<br>\r\n  <br>\r\nIntel® Z690 Chipset**<br>\r\n<br>\r\n  <br>\r\nM.2_3 slot (Key M), type 2280 (supports PCIe 4.0 x4 &amp; SATA modes)<br>\r\n<br>\r\n  <br>\r\nDIMM.2_1 slot (Key M) via ROG DIMM.2, type 2242/2260/2280/22110 (supports PCIe 4.0 x4 mode)<br>\r\n<br>\r\n  <br>\r\nDIMM.2_2 slot (Key M) via ROG DIMM.2, type 2242/2260/2280/22110 (supports PCIe 4.0 x4 mode)<br>\r\n<br>\r\n  <br>\r\n6 x SATA 6Gb/s ports****<br>\r\n<br>\r\n  <br>\r\n* Intel® Rapid Storage Technology supports NVMe RAID 0/1/5, SATA RAID 0/1/5/10.<br>\r\n<br>\r\n  <br>\r\n** Intel® Rapid Storage Technology supports Intel® Optane Memory H Series on PCH attached M.2 slots.<br>\r\n<br>\r\n  <br>\r\n***M.2_1 shares bandwidth with PCIEX16(G5)_2. When M.2_1 is enabled, PCIEX16(G5)_2 will be disabled.<br>\r\n<br>\r\n  <br>\r\n****RAID configuration and boot drives are not supported on the SATA6G_E1-2 ports.<br>\r\n<br>\r\nEthernet<br>\r\n1 x Intel® 2.5Gb Ethernet<br>\r\n1 x Marvell® 10Gb Ethernet<br>\r\nASUS LANGuard</div>', 299000, 'ASUS ROG MAXIMUS Z690 EXTREME7243.png', 32, 'yes'),
(61, 'ASUS ROG STRIX Z690-F GAMING WIFI', 36, '\r\nReady for 12th Gen Intel® Core™, Pentium® Gold and Celeron® processors<br>\r\nOptimal Power Solution: 16+1 power stages with 8+8 ProCool II power connectors, high-quality alloy chokes and durable capacitors to support multi-core processors<br>\r\nOptimized Thermal Design: Integrated I/O cover and VRM heatsinks with high conductivity thermal pad, L-shaped heatpipe, four onboard M.2 heatsinks and M.2 backplate for the M.2_1 slot<br>\r\nHigh-performance Networking: On-board Intel® WiFi 6E (802.11ax) and Intel® 2.5 Gb Ethernet with ASUS LANGuard<br>\r\nBest Gaming Connectivity: Supports HDMI® 2.1 and DisplayPort™ 1.4 output, four M.2 slots, as well as USB 3.2 Gen 2x2 Type-C®<br>\r\nIntelligent Control: ASUS-exclusive AI Overclocking, AI Cooling, AI Networking and Two-Way AI Noise Cancelation to simplify setup and improve performance<br>\r\nDIY Friendly Design:  PCIe® Slot Q-Release, M.2 Q-Latch, ROG Reusable Cable Organizer, pre-mounted I/O shield, BIOS FlashBack™ button, and Clr CMOS button<br>\r\nUnmatched Personalization: ASUS-exclusive Aura Sync RGB lighting, including an RGB header and three addressable Gen 2 headers<br>\r\nIndustry-leading Gaming Audio: ALC4080 with Savitech SV3H712 amplifier, along with DTS® Sound Unbound and Sonic Studio III<br>\r\nRenowned Software: Bundled AIDA64 Extreme 60 days free trial version and intuitive UEFI BIOS dashboard with integrated MemTest86<br>\r\n<br>\r\nCPU<br>\r\nIntel® Socket LGA1700 for 12th Gen Intel® Core™, Pentium® Gold and Celeron® Processors<br>\r\nSupports Intel® Turbo Boost Technology 2.0 and Intel® Turbo Boost Max Technology 3.0**<br>\r\n<br>\r\n  <br>\r\n* Refer to www.asus.com for CPU support list.<br>\r\n<br>\r\n  <br>\r\n** Intel® Turbo Boost Max Technology 3.0 support depends on the CPU types.<br>\r\n<br>\r\nChipset<br>\r\nZ690<br>\r\nMemory<br>\r\n4 x DIMM, Max. 128GB, DDR5 6400(OC)/ 6200(OC)/ 6000(OC)/ 5800(OC)/ 5600(OC)/ 5400(OC)/ 5200(OC)/ 5000(OC)/ 4800 Non-ECC, Un-buffered Memory*<br>\r\n<br>\r\n  <br>\r\nDual Channel Memory Architecture<br>\r\n<br>\r\n  <br>\r\nSupports Intel® Extreme Memory Profile (XMP)<br>\r\n<br>\r\n  <br>\r\nOptiMem II<br>\r\n<br>\r\n  <br>\r\n* Supported memory types, data rate(Speed), and number of DRAM module vary depending on the CPU and memory configuration, for more information refer to www.asus.com for memory support list.<br>\r\n<br>\r\nGraphics<br>\r\n1 x DisplayPort**<br>\r\n<br>\r\n 1 x HDMI®***<br>\r\n* Graphics specifications may vary between CPU types. Please refer to www.intel.com for any updates.<br>\r\n  <br>\r\n** Support 8K@60Hz as specified in DisplayPort 1.4<br>\r\n<br>\r\n  <br>\r\n*** Support 4K@60Hz as specified in HDMI 2.1.<br>\r\n<br>\r\nExpansion Slots<br>\r\n <br>\r\n<br>\r\nIntel® 12th Gen Processors*<br>\r\n<br>\r\n  <br>\r\n1 x PCIe 5.0 x16 slot<br>\r\n<br>\r\n  <br>\r\n- Intel® 12th support PCIe 5.0 x16 mode<br>\r\n<br>\r\n  <br>\r\nIntel® Z690 Chipset<br>\r\n<br>\r\n  <br>\r\n1 x PCIe 3.0 x16 slot (supports x4 mode or x4/x4 mode)<br>\r\n<br>\r\n  <br>\r\n1 x PCIe 3.0 x1 slot<br>\r\n<br>\r\n  <br>\r\n* Please check PCIe bifurcation table in support site.<br>\r\n<br>\r\n<br>\r\nStorage<br>\r\nIntel®12th Gen Processors*<br>\r\n<br>\r\n  <br>\r\nM.2_1 slot (Key M), type 2242/2260/2280/22110 (supports PCIe 4.0 x4 mode)<br>\r\n<br>\r\n  <br>\r\nIntel® Z690 Chipset**<br>\r\n<br>\r\n  <br>\r\nM.2_2 slot (Key M), type 2242/2260/2280 (supports PCIe 4.0 x4 mode)<br>\r\n<br>\r\n  <br>\r\nM.2_3 slot (Key M), type 2242/2260/2280/22110 (supports PCIe 4.0 x4 mode)<br>\r\n<br>\r\n  <br>\r\nM.2_4 slot (Key M), type 2242/2260/2280 (supports PCIe 4.0 x4 &amp; SATA modes)***<br>\r\n<br>\r\n  <br>\r\n6 x SATA 6Gb/s ports****<br>\r\n<br>\r\n  <br>\r\n* Intel® Rapid Storage Technology supports NVMe RAID 0/1/5, SATA RAID 0/1/5/10.<br>\r\n<br>\r\n  <br>\r\n** Intel® Rapid Storage Technology supports Intel® Optane Memory H Series on PCH attached M.2 slots.<br>\r\n<br>\r\n  <br>\r\n*** When M.2_4 is operating in SATA device, SATA6G_2 will be disabled. <br>\r\n<br>\r\n  <br>\r\n**** RAID configuration and boot drives are not supported on the SATA6G_E1-2 ports.<br>\r\n<br>\r\nEthernet<br>\r\n1 x Intel® 2.5Gb Ethernet</div>', 124000, 'ASUS ROG STRIX Z690-F GAMING WIFI6953.png', 32, 'yes'),
(62, 'ASUS TUF GAMING X570-PLUS (WI-FI)', 36, '\r\nCPU<br>\r\nAMD AM4 Socket 2nd and 1st Gen AMD Ryzen™ with Radeon™ Vega Graphics/AMD Ryzen™ 2nd Generation/3rd Gen AMD Ryzen™ Processors<br>\r\nChipset<br>\r\nAMD X570<br>\r\nMemory<br>\r\n3rd Gen AMD Ryzen™ Processors<br>\r\n4 x DIMM, Max. 128GB, DDR4 4400(O.C)/3466(O.C.)/3400(O.C.)/3200(O.C.)/3000(O.C.)/2933(O.C.)/2800(O.C.)/2666/2400/2133 MHz Un-buffered Memory<br>\r\n2nd Gen AMD Ryzen™ Processors<br>\r\n4 x DIMM, Max. 128GB, DDR4 3600(O.C.)/3466(O.C.)/3400(O.C.)/3200(O.C.)/3000(O.C.)/2933(O.C.)/2800(O.C.)/2666/2400/2133 MHz Un-buffered Memory<br>\r\n2nd and 1st Gen AMD Ryzen™ with Radeon™ Vega Graphics Processors<br>\r\n4 x DIMM, Max. 128GB, DDR4 3200(O.C.)/3000(O.C.)/2933(O.C.)/2800(O.C.)/2666/2400/2133 MHz Un-buffered Memory<br>\r\nDual Channel Memory Architecture<br>\r\nECC Memory (ECC mode) support varies by CPU.<br>\r\n* Refer to www.asus.com for the Memory QVL (Qualified Vendors Lists).<br>\r\nGraphic<br>\r\nIntegrated Graphics in the 2nd and 1st Gen AMD Ryzen™ with Radeon™ Vega Graphics Processors<br>\r\nMulti-VGA output support : HDMI/DisplayPort ports<br>\r\n- Supports HDMI 1.4b with max. resolution 4096 x 2160 @ 24 Hz<br>\r\n- Supports DisplayPort with max. resolution 4096 x 2160 @ 60 Hz<br>\r\nMulti-GPU Support<br>\r\n3rd and 2nd Gen AMD Ryzen™ Processors<br>\r\nAMD Ryzen™ 2nd Generation/Ryzen™ 1st Generation Processors<br>\r\nSupports AMD CrossFireX™ Technology<br>\r\nExpansion Slots<br>\r\n3rd Gen AMD Ryzen™ Processors<br>\r\n1 x PCIe 4.0 x16 (x16 mode)<br>\r\n2nd Gen AMD Ryzen™ Processors<br>\r\n1 x PCIe 3.0 x16 (x16 mode)<br>\r\n2nd and 1st Gen AMD Ryzen™ with Radeon™ Vega Graphics Processors<br>\r\n1 x PCIe 3.0/2.0 x16 (x8 mode)<br>\r\nAMD X570 chipset<br>\r\n1 x PCIe 4.0 x16 (max at x4 mode)<br>\r\n2 x PCIe 4.0 x1<br>\r\nStorage<br>\r\n3rd Gen AMD Ryzen™ Processors :<br>\r\n1 x M.2 Socket 3, with M Key, Type 2242/2260/2280/22110(PCIE 4.0 x4 and SATA modes) storage devices support<br>\r\n2nd Gen AMD Ryzen™ Processors :<br>\r\n1 x M.2 Socket 3, with M Key, Type 2242/2260/2280/22110(PCIE 3.0 x4 and SATA modes) storage devices support<br>\r\nAMD X570 chipset :<br>\r\n1 x M.2 Socket 3, with M Key, Type 2242/2260/2280/22110(PCIE 4.0 x4 and SATA modes) storage devices support<br>\r\n8 x SATA 6Gb/s port(s)<br>\r\nSupport Raid 0, 1, 10<br>\r\nLAN<br>\r\nRealtek® L8200A<br>\r\nASUS Turbo LAN Utility<br>\r\nTUF LANGuard<br>\r\nWireless Data Network<br>\r\nIntel® Wireless-AC 9260<br>\r\nWi-Fi 802.11 a/b/g/n/ac<br>\r\nSupports dual band frequency 2.4/5 GHz<br>\r\nSupports MU-MIMO<br>\r\nSupports channel bandwidth: HT20/HT40/HT80/HT160. Up to 1.73Gbps transfer speed<br>\r\nBluetooth<br>\r\nBluetooth® 5.0<br>\r\nAudio<br>\r\nRealtek® ALC S1200A 8-Channel High Definition Audio CODEC<br>\r\nAudio Feature :<br>\r\n- Exclusive DTS Custom for GAMING Headsets.<br>\r\n- Audio Shielding: Ensures precision analog/digital separation and greatly reduced multi-lateral interference<br>\r\n- Dedicated audio PCB layers: Separate layers for left and right channels to guard the quality of the sensitive audio signals<br>\r\n- Premium Japanese audio capacitors: Provide warm, natural and immersive sound with exceptional clarity and fidelity<br>\r\n- Audio Cover: Effective shielding preserves the integrity of audio signals to ensure best quality.<br>\r\nUSB Ports<br>\r\n3rd and 2nd Gen AMD Ryzen™/2nd and 1st Gen AMD Ryzen™ with Radeon™ Vega Graphics Processors :<br>\r\n4 x USB 3.2 Gen 1 port(s) (4 at back panel, )<br>\r\nAMD X570 chipset :<br>\r\n3 x USB 3.2 Gen 2 port(s) (3 at back panel, , 2 x Type-A+1 x USB Type-CTM)<br>\r\nAMD X570 chipset :<br>\r\n2 x USB 3.2 Gen 1 port(s) (2 at mid-board)<br>\r\nAMD X570 chipset :<br>\r\n4 x USB 2.0 port(s) (4 at mid-board)</div>', 94000, 'ASUS TUF GAMING X570-PLUS (WI-FI)1020.png', 32, 'yes'),
(63, 'ASUS ROG STRIX B560-F GAMING WIFI', 36, '\r\nCPU<br>\r\nIntel® Socket LGA1200 for 11th Gen Intel® Core™ Processors &amp; 10th Gen Intel® Core™, Pentium® Gold and Celeron® Processors<br>\r\nSupports Intel® 14 nm CPU<br>\r\n<br>\r\n  <br>\r\nSupports Intel® Turbo Boost Technology 2.0 and Intel® Turbo Boost Max Technology 3.0**<br>\r\n<br>\r\n  <br>\r\n* Refer to www.asus.com for CPU support list.<br>\r\n<br>\r\n  <br>\r\n** Intel® Turbo Boost Max Technology 3.0 support depends on the CPU types. <br>\r\n<br>\r\nChipset<br>\r\nIntel® B560 Chipset<br>\r\nMemory<br>\r\nDual Channel Memory Architecture<br>\r\n<br>\r\n  <br>\r\nSupports Intel® Extreme Memory Profile (XMP)<br>\r\n<br>\r\n  <br>\r\nOptiMem II<br>\r\n<br>\r\n  <br>\r\n* 10th Gen Intel® Core™ i7/i9 processors support 2933/2800/2666/2400/2133 natively, others will run at the maximum transfer rate of DDR4 2666MHz.<br>\r\n<br>\r\n  <br>\r\n* 11th Gen Intel® processors support 3200/2933/2800/2666/2400/2133 natively.<br>\r\n<br>\r\n  <br>\r\n* Refer to www.asus.com for the Memory QVL (Qualified Vendors Lists), and memory frequency support depends on the CPU types.<br>\r\n<br>\r\nGraphics<br>\r\n1 x DisplayPort 1.4<br>\r\n1 x HDMI 2.0***<br>\r\n* Graphics specifications may vary between CPU types.<br>\r\n<br>\r\n  <br>\r\n**Only Intel® 11th processors, support DisplayPort 1.4 with max. resolution of 5120 x 2880 @60Hz, others would only support DisplayPort 1.4 with max. resolution of 4096 x 2304 @60Hz .Please refer to www.intel.com for any update.<br>\r\n<br>\r\n  <br>\r\n*** Only Intel® 11th processors support HDMI™ 2.0 with max. resolution of 4K@60Hz, others will only support HDMI™ 1.4 with max. resolution of 4K@30Hz. Please refer to www.intel.com for any updates.<br>\r\n<br>\r\nExpansion Slots<br>\r\nIntel® 11th &amp;10th<br>\r\n   Gen Processors<br>\r\n<br>\r\n  <br>\r\n1 x PCIe 4.0/3.0 x16 slot(s)<br>\r\n<br>\r\n  <br>\r\n- Intel® 11th processors support PCIe 4.0 x16 mode<br>\r\n<br>\r\n  <br>\r\n- Intel®10th processors support PCIe 3.0 x16 mode<br>\r\n<br>\r\n  <br>\r\nIntel® B560 Chipset<br>\r\n<br>\r\n  <br>\r\n1 x PCIe 3.0 x16 slot (supports x4 mode)*<br>\r\n<br>\r\n  <br>\r\n2 x PCIe 3.0 x1 slots<br>\r\n<br>\r\n  <br>\r\n* The PCIEX16_2 shares bandwidth with the M.2_2. When M.2_2 runs x4 mode, PCIEX16_2 will be disabled.<br>\r\n<br>\r\nStorage<br>\r\nTotal supports 3 x M.2 slots and 6 x SATA 6Gb/s ports<br>\r\n<br>\r\n  <br>\r\nIntel®11th Gen Processors<br>\r\n<br>\r\n  <br>\r\nM.2_1 slot (Key M), type 2242/2260/2280/22110 <br>\r\n<br>\r\n  <br>\r\n- Only Intel® 11th processors support PCIe 4.0 x4 mode, this slot will be disabled for other CPUs.<br>\r\n<br>\r\n  <br>\r\nIntel® B560 Chipset<br>\r\n<br>\r\n  <br>\r\nM.2_2 slot (Key M), type 2242/2260/2280/22110 (supports PCIe 3.0 x4 &amp; SATA modes)*<br>\r\n<br>\r\n  <br>\r\nM.2_3 slot (Key M), type 2242/2260/2280/22110 (supports PCIe 3.0 x4 mode)**<br>\r\n<br>\r\n  <br>\r\n6 x SATA 6Gb/s ports<br>\r\n<br>\r\n  <br>\r\n* The M.2_2 share bandwidth with PCIEX16_2. When PCIEX16_2 runs x4 mode, M.2_2 can’t run PCIE mode (when M.2_2 runs at SATA mode, SATA6G_1 will be disabled)<br>\r\n<br>\r\n  <br>\r\n** To enable Intel® Optane™ Memory (Hybrid Storage device), it must be installed in PCH-attached slots with Intel® Rapid Storage Technology.<br>\r\n<br>\r\nWireless &amp; Bluetooth<br>\r\nIntel® Wi-Fi 6<br>\r\n2x2 Wi-Fi 6 (802.11 a/b/g/n/ac/ax) <br>\r\nSupports 2.4/5GHz frequency band<br>\r\nBluetooth v5.0 or later<br>\r\nUSB<br>\r\nRear USB:<br>\r\nTotal 9 ports<br>\r\n1 x USB 3.2 Gen 2x2 port(s) (1 x USB Type-C®)<br>\r\n<br>\r\n  <br>\r\n2 x USB 3.2 Gen 2 port (2 x Type-A)<br>\r\n<br>\r\n  <br>\r\n2 x USB 3.2 Gen 1 port (2 x Type-A)<br>\r\n<br>\r\n  <br>\r\n4 x USB 2.0 port(s) (3 x Type-A, 1 x audio USB Type-C®) <br>\r\n<br>\r\n1 x USB 3.2 Gen 1 connector(s) (suppport(s) USB Type-C®) <br>\r\n<br>\r\n  <br>\r\n1 x USB 3.2 Gen 1 header(s) support(s) additional 2 USB 3.2 Gen 1 ports<br>\r\n<br>\r\n  <br>\r\n2 x USB 2.0 header(s) support(s) additional 4 USB 2.0 ports</div>', 79500, 'ASUS ROG STRIX B560-F GAMING WIFI1264.png', 32, 'yes');
INSERT INTO `tbl_singal_item` (`id`, `title`, `warranty`, `description`, `price`, `image_name`, `category_id`, `active`) VALUES
(64, 'ASUS TUF GAMING B450-PLUS II', 36, '\r\nCPU<br>\r\nAMD AM4 Socket for AMD Ryzen™ 5000 Series/ 5000 G-Series/ 4000 G-Series/ 3rd/2nd/1st Gen AMD Ryzen™/ 2nd and 1st Gen AMD Ryzen™ with Radeon™ Vega Graphics/ Athlon™ with Radeon™ Vega Graphics/for 3rd/2nd/1st Gen AMD Ryzen™/2nd and 1st Gen AMD Ryzen™ with Radeon™ Vega Graphics/Athlon™ with Radeon™ Vega Graphics Processors<br>\r\n* Refer to www.asus.com for CPU support list<br>\r\nChipset<br>\r\nAMD B450<br>\r\nMemory<br>\r\n3rd/2nd/1st Gen AMD Ryzen™/ 2nd and 1st Gen AMD Ryzen™ with Radeon™ Vega Graphics/ Athlon™ with Radeon™ Vega Graphics Processors<br>\r\n4 x DIMM, Max. 128GB, DDR4 4400(O.C)/3533(O.C)/3466(O.C.)/3200(O.C.)/3000(O.C.)/2800(O.C.)/2666/2400/2133 MHz Un-buffered Memory<br>\r\nDual Channel Memory Architecture<br>\r\nECC Memory (ECC mode) support varies by CPU.<br>\r\n* Refer to www.asus.com for the Memory QVL (Qualified Vendors Lists).<br>\r\n* The maximum memory frequency supported varies by processor.<br>\r\nGraphic<br>\r\nIntegrated Graphics in the 2nd and 1st Gen AMD Ryzen™ with Radeon™ Vega Graphics/ Athlon™ with Radeon™ Vega Graphics Processors<br>\r\n1  x DisplayPort 1.2<br>\r\n1  x HDMI 2.0b<br>\r\n*Graphics specifications may vary between CPU types.<br>\r\nMulti-GPU Support<br>\r\nSupports AMD CrossFireX™ Technology<br>\r\nExpansion Slots<br>\r\n3rd/2nd/1st Gen AMD Ryzen™ Processors<br>\r\n1 x PCIe 3.0/2.0 x16 (x16 mode)<br>\r\n2nd and 1st Gen AMD Ryzen™ with Radeon™ Vega Graphics Processors<br>\r\n1 x PCIe 3.0/2.0 x16 (x8 mode)<br>\r\nAMD Athlon™ with Radeon™ Vega Graphics Processors<br>\r\n1 x PCIe 3.0/2.0 x16 (x4 mode)<br>\r\nAMD B450 chipset<br>\r\n1 x PCIe 2.0 x16 (max at x4 mode) *1<br>\r\n3 x PCIe 2.0 x1<br>\r\nStorage<br>\r\n3rd/2nd/1st Gen AMD Ryzen™/ 2nd and 1st Gen AMD Ryzen™ with Radeon™ Vega Graphics :<br>\r\n1 x M.2 Socket 3, with M key, type 2242/2260/2280/22110 storage devices support (SATA &amp; PCIE 3.0 x 4 mode)*2<br>\r\nAMD Athlon™ with Radeon™ Vega Graphics Processors :<br>\r\n1 x M.2 Socket 3, with M key, type 2242/2260/2280/22110 storage devices support (SATA mode)*2<br>\r\n3rd/2nd/1st Gen AMD Ryzen™/ 2nd and 1st Gen AMD Ryzen™ with Radeon™ Vega Graphics/ Athlon™ with Radeon™ Vega Graphics Processors :<br>\r\n2 x SATA 6Gb/s port(s)<br>\r\nSupport Raid 0, 1, 10<br>\r\nAMD B450 chipset :<br>\r\n1 x M.2 Socket 3, with M Key, type 2242/2260/2280 storage devices support (PCIE 2.0 x4)*3<br>\r\n4 x SATA 6Gb/s port(s)<br>\r\nSupport Raid 0, 1, 10<br>\r\nLAN<br>\r\nRealtek® L8200A<br>\r\nTUF LANGuard<br>\r\nAudio<br>\r\nRealtek® ALC S1200A 8-Channel High Definition Audio CODEC *4<br>\r\nAudio Feature :<br>\r\n- Exclusive DTS Custom for GAMING Headsets.<br>\r\n- Audio Shielding: Ensures precision analog/digital separation and greatly reduced multi-lateral interference<br>\r\n- Dedicated audio PCB layers: Separate layers for left and right channels to guard the quality of the sensitive audio signals<br>\r\n- Premium Japanese-made audio capacitors: Provide warm, natural and immersive sound with exceptional clarity and fidelity<br>\r\n- Audio Cover: Effective shielding preserves the integrity of audio signals to ensure best quality.<br>\r\nUSB Ports<br>\r\nRear USB Port ( Total 8  )<br>\r\n2 x USB 3.2 Gen 2 port(s)(1 x USB Type-C®)(1 x Type-A +0 x )<br>\r\n4 x USB 3.2 Gen 1 port(s)(4 x Type-A)<br>\r\n2 x USB 2.0 port(s)(2 x Type-A)<br>\r\nFront USB Port ( Total 6  )<br>\r\n2 x USB 3.2 Gen 1 port(s)<br>\r\n4 x USB 2.0 port(s)<br>\r\nSpecial Features<br>\r\nASUS TUF PROTECTION<br>\r\n- ASUS SafeSlot: Protect your graphics card Investment<br>\r\n- ASUS Overvoltage Protection: World-class circuit-protecting power design<br>\r\n- ASUS Stainless-Steel Back I/O: 3X corrosion-resistance for greater durability!<br>\r\n- ASUS DIGI+ VRM: Precision control for stable power<br>\r\n- ASUS LANGuard: Protects against LAN surges, lightning strikes and static-electricity discharges!<br>\r\nAURA :<br>\r\n- Aura Lighting Control<br>\r\n- Aura RGB Strip Headers<br>\r\nASUS Exclusive Features :<br>\r\n- AI Suite 3<br>\r\n- Ai Charger<br>\r\n- Turbo LAN<br>\r\n- PC Cleaner<br>\r\n- Armoury Crate<br>\r\n- BIOS FlashBack™ Button<br>\r\nASUS Quiet Thermal Solution :<br>\r\n- Stylish Fanless Design Heat-sink solution &amp; MOS Heatsink<br>\r\n- ASUS Fan Xpert 4 Core<br>\r\nASUS EZ DIY :<br>\r\n- ASUS CrashFree BIOS 3 <br>\r\n- ASUS EZ Flash 3 <br>\r\n- ASUS USB BIOS FlashBack™<br>\r\n- ASUS UEFI BIOS EZ Mode<br>\r\nASUS Q-Design :<br>\r\n- ASUS Q-Slot<br>\r\n- ASUS Q-DIMM<br>\r\nArmoury Crate<br>\r\nSoftware Features<br>\r\nASUS Exclusive Software<br>\r\nArmoury Crate<br>\r\n- Aura Creator<br>\r\n- Aura Sync<br>\r\n- AI Noise-Canceling Microphone<br>\r\nAI Suite 3<br>\r\n- Performance And Power Saving Utility<br>\r\nTurboV EVO<br>\r\nEPU<br>\r\nDigi+ VRM<br>\r\nFan Xpert 4 core<br>\r\n- EZ update<br>\r\n- PC Cleaner<br>\r\nTUF GAMING CPU-Z<br>\r\nAI Charger<br>\r\nASUS Turbo LAN<br>\r\nDAEMON Tools<br>\r\nDTS Custom for GAMING Headsets<br>\r\nNorton Anti-virus software (Free Trial for 60 days)<br>\r\nWinRAR<br>\r\nUEFI BIOS<br>\r\nASUS EZ DIY<br>\r\n- ASUS CrashFree BIOS 3<br>\r\n- ASUS EZ Flash 3<br>\r\n- ASUS UEFI BIOS EZ Mode<br>\r\nASUS Special Features<br>\r\nASUS TUF PROTECTION<br>\r\n- ASUS DIGI+ VRM<br>\r\n- ASUS Enhanced DRAM Overcurrent Protection<br>\r\n- ASUS ESD Guards<br>\r\n- TUF LANGuard<br>\r\n- ASUS Overvoltage Protection<br>\r\n- ASUS SafeSlot<br>\r\n- ASUS Stainless-Steel Back I/O<br>\r\nASUS Q-Design<br>\r\n- ASUS Q-DIMM<br>\r\n- ASUS Q-Slot<br>\r\nASUS Thermal Solution<br>\r\n- Aluminum heatsink design<br>\r\nASUS EZ DIY<br>\r\n- BIOS FlashBack™ button<br>\r\n- BIOS FlashBack™ LED<br>\r\nAURA Sync<br>\r\n- AURA RGB headers<br>\r\nBack I/O Ports<br>\r\n1 x DisplayPort<br>\r\n1 x HDMI<br>\r\n1 x LAN (RJ45) port(s)<br>\r\n2 x USB 3.2 Gen 2 (1 x USB Type-C®+1 x Type-A)<br>\r\n4 x USB 3.2 Gen 1 Type-A<br>\r\n2 x USB 2.0<br>\r\n5 x Audio jack(s)<br>\r\n1 x BIOS FlashBack™ Button(s)<br>\r\nInternal I/O Ports<br>\r\n1 x CPU Fan connector(s) (1 x 4 -pin)<br>\r\n3 x Chassis Fan connector(s) (3 x 4 -pin)<br>\r\n1 x AIO_PUMP connector (1 x 4 -pin)<br>\r\n2 x Aura RGB Strip Header<br>\r\n1 x USB 3.2 Gen 1(up to 5Gbps) connector(s) support(s) additional 2 USB 3.2 Gen 1 port(s) (19-pin)<br>\r\n2 x USB 2.0 connector(s) support(s) additional 4 USB 2.0 port(s)<br>\r\n1 x M.2 Socket 3 with M key, type 2242/2260/2280/22110 storage devices support (SATA &amp; PCIE 3.0 x 4 mode)<br>\r\n1 x M.2 Socket 3 with M key, type 2242/2260/2280 storage devices support (PCIE 2.0 x 4 mode)<br>\r\n1 x SPI TPM header<br>\r\n6 x SATA 6Gb/s connector(s)<br>\r\n1 x 24-pin EATX Power connector(s)<br>\r\n1 x 8-pin ATX 12V Power connector(s)<br>\r\n1 x Front panel audio connector(s) (AAFP)<br>\r\n1 x System panel(s)<br>\r\n1 x Clear CMOS jumper(s)<br>\r\n1 x COM port header<br>\r\nAccessories<br>\r\nUser´s manual<br>\r\nI/O Shield<br>\r\n2 x SATA 6Gb/s cable(s)<br>\r\n1 x M.2 Screw Package<br>\r\n1 x Supporting DVD<br>\r\n1 x TUF GAMING Sticker<br>\r\n1 x TUF Certification card(s)<br>\r\nBIOS<br>\r\n256 Mb Flash ROM, UEFI AMI BIOS<br>\r\nManageability<br>\r\nWOL by PME, PXE<br>\r\nOperating System<br>\r\nWindows® 10 64-bit<br>\r\nWindows® 7 64-bit *5<br>\r\nForm Factor<br>\r\nATX Form Factor<br>\r\n12.0  inch x 9.6  inch ( 30.5  cm x 24.4  cm )<br>\r\nNote<br>\r\n*1 PCIE x16_2 will be unavailable when installing M.2 PCIE SSD in M.2_2 socket.<br>\r\nPCIe x16_2 will run x2 when installing devices in PCIe x1_1 or PCIe x1_2 slots.<br>\r\nPCIE x16_2 will run x4 when no devices installing in PCIE x1_1 and PCIE x1_2 slots.<br>\r\n*2 The M.2 Socket shares bandwidth with the SATA_5/6 ports, and therefore the SATA_5/6 ports cannot be used when an M.2 device is installed.<br>\r\n*3 PCIe x16_2, PCIe x1_1, and PCIe x1_2 slots will be unavailable when installing M.2 PCIe SSD in M.2_2 socket.<br>\r\n*4 Use a chassis with HD audio module in the front panel to support an 8-channel audio output.<br>\r\n*5 Install an AMD Ryzen™ 2nd Generatione or Ryzen™ 1st Generation Processors to support Windows 7 64-bit operating system.</div>', 47000, 'ASUS TUF GAMING B450-PLUS II5809.png', 32, 'yes'),
(65, 'CORSAIR DOMINATOR PLATINUM RGB (2X1', 36, '\r\nFan Included No<br>\r\nMemory Series DOMINATOR RGB DDR5<br>\r\nMemory Type DDR5<br>\r\nPMIC Type OC PMIC<br>\r\nMemory Size 32GB (2 x 16GB)<br>\r\nTested Latency 36-36-36-76<br>\r\nTested Voltage 1.25<br>\r\nTested Speed 5600<br>\r\nMemory Color WHITE<br>\r\nLED Lighting RGB<br>\r\nSingle Zone / Multi-Zone Lighting Dynamic Multi-Zone<br>\r\nSPD Latency 40-40-40-77<br>\r\nSPD Speed 4800MHz<br>\r\nSPD Voltage 1.1V<br>\r\nSpeed Rating PC5-44800 (DDR5-5600)<br>\r\nCompatibility Intel 600 Series<br>\r\nHeat Spreader Aluminum<br>\r\nPackage Memory Format DIMM<br>\r\nPerformance Profile XMP 3.0<br>\r\nPackage Memory Pin 288</div>', 129000, 'CORSAIR DOMINATOR PLATINUM RGB WHITE 32GB (2X16GB) DDR5 5600MHZ KIT6713.png', 34, 'yes'),
(66, 'KINGSTON FURY BEAST 32GB (16X2) DDR', 36, '\r\nKingston FURY™ Beast DDR5 memory brings the latest cutting-edge technology for next-gen gaming platforms. Taking speed, capacity and reliability even further, DDR5 arrives with an arsenal of enhanced features, like on-die ECC (ODECC) for improved stability at extreme speeds, dual 32-bit subchannels for increased efficiency and an on-module power management integrated circuit (PMIC) to provide juice where it’s needed most.<br>\r\n<br>\r\nSuperior speed advancements with double the banks from 16 to 32 and double the burst length from 8 to 16 take DDR5 memory, your gaming experience and your overall system applications to the next level of performance.<br>\r\n<br>\r\nWhether you’re pushing the limits in your gaming with the most extreme settings, live streaming at 4K+ or pushing large animations and 3D rendering, Kingston FURY Beast DDR5 memory is the level-up needed, while seamlessly bridging style and unleashing performance.<br>\r\n<br>\r\nAdditionally, it utilises Intel® XMP 3.0, a new overclock spec that includes two customisable profiles for speeds and timings.<br>\r\n<br>\r\nCL(IDD)  40 cycles<br>\r\nRow Cycle Time (tRCmin)  48ns(min.)<br>\r\nRefresh to Active/Refresh<br>\r\nCommand Time (tRFCmin)     295ns(min.)<br>\r\nRow Active Time (tRASmin)    32ns(min.)<br>\r\nUL Rating   94 V - 0<br>\r\nOperating Temperature   0°C to +85°C<br>\r\nStorage Temperature  -55°C to +100°C<br>\r\n<br>\r\nFACTORY TIMING PARAMETERS<br>\r\n• Default (JEDEC): DDR5-4800 CL40-39-39 @1.1V<br>\r\n• XMP Profile #1: DDR5-5200 CL40-40-40 @1.25V<br>\r\n• XMP Profile #2: DDR5-4800 CL38-38-38 @1.1V<br>\r\n<br>\r\n</div>', 112000, 'KINGSTON FURY BEAST 32GB (16X2) DDR5 5200MHZ8264.png', 34, 'yes'),
(67, 'G.SKILL TRIDENTZ RGB NEO 16GB (2 X ', 36, '\r\nEngineered and optimized for full compatibility on the latest AMD Ryzen platforms, Trident Z Neo brings unparalleled memory performance and vibrant RGB lighting to any gaming PC or workstation with latest AMD Ryzen CPUs and AMD DDR4 motherboards.<br>\r\n<br>\r\nDDR4<br>\r\nCapacity<br>\r\n16GB (8GBx2)<br>\r\nMulti-Channel Kit<br>\r\nDual Channel Kit<br>\r\nTested Speed<br>\r\n3600MHz<br>\r\nTested Latency<br>\r\n18-22-22-42<br>\r\nTested Voltage<br>\r\n1.35V<br>\r\nRegistered/Unbuffered<br>\r\nUnbuffered<br>\r\nError Checking<br>\r\nNon-ECC<br>\r\nSPD Speed<br>\r\n2133MHz<br>\r\nSPD Voltage<br>\r\n1.20V<br>\r\nFan Included<br>\r\nNo<br>\r\nWarranty<br>\r\nLimited Lifetime<br>\r\nFeatures<br>\r\nIntel XMP 2.0 (Extreme Memory Profile) Ready<br>\r\nAdditional Notes<br>\r\nRated XMP frequency &amp; stability depends on MB &amp; CPU capability.</div>', 37500, 'G.SKILL TRIDENTZ RGB NEO 16GB (2 X 8GB) 3600MHZ1864.png', 34, 'yes'),
(68, 'G.SKILL RIPJAWS V 8GB 2800MHZ', 36, '\r\nCapacity<br>\r\n8GB (8GBx1)<br>\r\nMulti-Channel Kit<br>\r\nSingle Channel Kit<br>\r\nTested Speed<br>\r\n2800MHz<br>\r\nTested Latency<br>\r\n17-17-17-37<br>\r\nTested Voltage<br>\r\n1.20V<br>\r\nRegistered/Unbuffered<br>\r\nUnbuffered<br>\r\nError Checking<br>\r\nNon-ECC<br>\r\nSPD Speed<br>\r\n2133MHz<br>\r\nSPD Voltage<br>\r\n1.20V<br>\r\nFan Included<br>\r\nNo</div>', 11500, 'G.SKILL RIPJAWS V 8GB 2800MHZ2556.png', 34, 'yes'),
(69, 'SAMSUNG 980 PRO GEN.4 1TB NVME M.2 ', 36, '\r\nDetails<br>\r\nForm Factor 	M.2 2280<br>\r\nCapacity	1TB<br>\r\nMemory Components 	Samsung V-NAND<br>\r\nInterface	PCI-Express Gen 4.0 x4, NVMe<br>\r\nPerformance<br>\r\nMax Sequential Read	Up to 7000 MBps<br>\r\nMax Sequential Write	Up to 5000 MBps<br>\r\n4KB Random Read	QD1: Up to 22,000 IOPS<br>\r\nQD32: Up to 1,000,000 IOPS<br>\r\n4KB Random Write	QD1: Up to 22,000 IOPS<br>\r\nQD32: Up to 1,000,000 IOPS<br>\r\nFeatures<br>\r\nFeatures	Reliability (TBW): 600TBW<br>\r\nDimensions &amp; Weight<br>\r\nHeight	2.30mm<br>\r\nWidth	22.00mm<br>\r\nDepth	80.00mm</div>', 75000, 'SAMSUNG 980 PRO GEN.4 1TB NVME M.2 SSD7607.png', 35, 'yes'),
(70, 'ADDLINK S72 2.0TB SSD NVME PCIE GEN', 36, 'addlink S72 SSD is built with next-generation QLC 3D NAND to offer amazing value, great performance and aims at high-end applications, such as digital audio/video production, gaming, and enterprise  usage, which require constant processing heavy workloads with no system lags or slowdowns of any kind. It is an ideal upgrade for users looking to make the switch from 2.5”SSD to PCIe, whether as storage or a boot drive.<br>\r\n\r\n<br>\r\nCapacity	2TB<br>\r\nNAND Flash	3D QLC<br>\r\nDimensions	80(L)x22(W)x3.5(Max.H) mm, 8.2g<br>\r\nInterface	NVMe GEN3x4 1.3<br>\r\nForm Factor	M.2 2280<br>\r\nSeq. Read/Write (MB/s)	2TB: 3400/3000<br>\r\n4K Random Read/Write (IOPS)	2TB: 255K/670K<br>\r\nOperating Temp.	0°C ~ 70°C<br>\r\nStorage Temp.	-40°C ~ 85°C<br>\r\nMTBF	1.8 Million Hours<br>\r\nTBW	2TB: 530TBW</div>', 69500, 'ADDLINK S72 2.0TB SSD NVME PCIE GEN3X41726.png', 35, 'yes'),
(71, 'ADDLINK S20 512GB SSD 3D NAND 2.5 I', 36, '<div class=\"ty-productPage-info\">3D NAND flash is a type of flash memory in which the memory cells are stacked vertically in multiple layers. 3D NAND is developed to break through density limitations of the 2D planar NAND, and thus can deliver a greater level of performance and endurance.<br>\r\n<br>\r\nCapacity	512GB<br>\r\nSeq. Read/Write	512GB: 550/500 MB/s<br>\r\nInterface	2.5” SATA III 6Gb/s, compatible with SATA I and SATA II<br>\r\nTBW	512GB: 300TBW<br>\r\nForm Factor	7mm height, 2.5”<br>\r\nOperating Voltage	0.9V~3.6V<br>\r\nCompatibility	Windows, Mac OS X, Linux<br>\r\nWarranty	3 Years Warranty</div>', 21500, 'ADDLINK S20 512GB SSD 3D NAND 2.5 INCH5331.png', 35, 'yes'),
(72, 'SEAGATE IRONWOLF 4TB NAS HARD DRIVE', 36, '\r\nPerformance<br>\r\nInterface 	SATA 6.0Gb/s<br>\r\nCapacity	4TB<br>\r\nRPM 	5900 RPM<br>\r\nCache 	64MB<br>\r\nFeatures<br>\r\nFeatures	Optimized for NAS with AgileArray. AgileArray enables dual-plane balancing and RAID optimization in multi-bay environments, with the most advanced power management possible.<br>\r\n<br>\r\nActively protect your NAS with IronWolf Health Management focusing on prevention, intervention, and recovery.<br>\r\n<br>\r\nHigh performance means no lag time or downtime for users during workload traffic for the NAS. Seagate leads the competition with the highest-performing NAS drive portfolio.<br>\r\n<br>\r\nRotational Vibration (RV) sensors. First in its class of drives to include RV sensors to maintain high performance in multi-drive NAS enclosures.<br>\r\n<br>\r\nRange of capacities up to 16TB. More capacity options means more choices that will fit within the budget. Seagate provides a scalable solution for any NAS use-case scenario.<br>\r\n<br>\r\nDo more in multi-user environments. IronWolf provides a workload rate of 180TB/year. Multiple users can confidently upload and download data to the NAS server, knowing IronWolf can handle the workload, whether you are a creative professional or a small business.<br>\r\n<br>\r\nDesigned for always-on, always-accessible 24x7 performance. Access data on your NAS any time, remotely or on site.<br>\r\n<br>\r\n1M hours MTBF represents an improved total cost of ownership (TCO) over desktop drives with reduced maintenance costs.</div>', 52000, 'SEAGATE IRONWOLF 4TB NAS HARD DRIVE 5900 RPM 64MB6292.png', 35, 'yes'),
(73, 'TOSHIBA P300 1TB 7200 RPM HARD DRIV', 24, '\r\nBrand<br>\r\nTOSHIBA<br>\r\nSeries<br>\r\nP300<br>\r\nModel<br>\r\nHDWD110XZSTA<br>\r\n<br>\r\nPerformance<br>\r\nInterface<br>\r\nSATA 6.0Gb/s<br>\r\nCapacity<br>\r\n1TB<br>\r\nRPM<br>\r\n7200 RPM<br>\r\nCache<br>\r\n64MB<br>\r\nAverage Latency<br>\r\n4.17ms<br>\r\n<br>\r\nFeatures<br>\r\nFeatures<br>\r\nHigh performance drive upgrade for desktop computers<br>\r\n- 7,200 RPM speed with 64MB data buffer deliver improved performance for your aging computers.<br>\r\n- Supports SATA 3.0 interface with up to 6 Gbit/sec transfer rate.<br>\r\n- Wide capacity range up to 3TB for your storage needs.<br>\r\n<br>\r\nNative Command Queuing (NCQ) support<br>\r\n- Optimizes the order in which received read and write commands are executed, resulting in increased performance and reduced mechanical workload from the drive.<br>\r\n<br>\r\nData Protection Technology<br>\r\n- Ramp loading technology reduces wear to the recording head and media for improved drive reliability. Built-in shock sensors detect impact, shielding adjacent track data.<br>\r\n<br>\r\nIdeal for everyday computing needs</div>', 16500, 'TOSHIBA P300 1TB 7200 RPM HARD DRIVE2036.png', 35, 'yes'),
(74, 'WESTERN DIGITAL BLUE 4TB', 24, '\r\nCapacity : 4TB<br>\r\n<br>\r\nInterface : SATA 6.0Gb/s<br>\r\n<br>\r\nCache : 64MB<br>\r\n<br>\r\nRPM : 5400 RPM<br>\r\n<br>\r\nForm Factor : 3.5\"<br>\r\n<br>\r\nWarrenty : 2 Years</div>', 37500, 'WESTERN DIGITAL BLUE 4TB8993.png', 35, 'yes'),
(76, 'LOGITECH G402 HYPERION FURY FPS GAMING MOUSE', 24, '\r\nFusion Engine hybrid sensor<br>\r\n8 programmable buttons<br>\r\nOn-the-fly DPI Switching<br>\r\n32-bit ARM processor<br>\r\n1 millisecond report<br>\r\nHigh-speed clicking<br>\r\nFull-speed USB<br>\r\nTracking<br>\r\nResolution: 240-4000 dpi<br>\r\nMax. acceleration: &gt;16G*<br>\r\nMax. speed: &gt;420 ips*<br>\r\n<br>\r\n* Tested on Logitech G240 Gaming Mouse Pad<br>\r\nResponsiveness<br>\r\nUSB data format: 16 bits/axis<br>\r\nUSB report rate: 1000 Hz (1ms)<br>\r\nMicroprocessor: 32-bit<br>\r\n<br>\r\nGlide<br>\r\nDynamic coefficient of friction -:  .09 µ (k)*<br>\r\nStatic coefficient of friction -:  .14 µ (s)*<br>\r\n<br>\r\n*Tested on wood-veneer desktop.<br>\r\n<br>\r\nDurability<br>\r\nButtons (Left / Right): 20 million clicks<br>\r\nFeet: 250 km (155.3)<br>\r\n<br>\r\nPhysical specifications<br>\r\nHeight: 136 mm (5.4 in)<br>\r\nWidth: 72 mm (2.8 in)<br>\r\nDepth: 41 mm (1.6 in)<br>\r\nWeight: 144 grams,mouse plus cable (5.1 oz)<br>\r\nWeight: 108 grams, mouse without cable (3.8 oz)<br>\r\nLength Cable: 2.1 m (7 ft)</div>', 11000, 'LOGITECH G402 HYPERION FURY FPS GAMING MOUSE7665.png', 39, 'yes');

--
-- Indexes for dumped tables
--

--
-- Indexes for table `tbl_admin`
--
ALTER TABLE `tbl_admin`
  ADD PRIMARY KEY (`id`);

--
-- Indexes for table `tbl_category`
--
ALTER TABLE `tbl_category`
  ADD PRIMARY KEY (`id`);

--
-- Indexes for table `tbl_contact`
--
ALTER TABLE `tbl_contact`
  ADD PRIMARY KEY (`id`);

--
-- Indexes for table `tbl_customer`
--
ALTER TABLE `tbl_customer`
  ADD PRIMARY KEY (`c_id`);

--
-- Indexes for table `tbl_offer`
--
ALTER TABLE `tbl_offer`
  ADD PRIMARY KEY (`id`);

--
-- Indexes for table `tbl_singal_item`
--
ALTER TABLE `tbl_singal_item`
  ADD PRIMARY KEY (`id`);

--
-- AUTO_INCREMENT for dumped tables
--

--
-- AUTO_INCREMENT for table `tbl_admin`
--
ALTER TABLE `tbl_admin`
  MODIFY `id` int(10) UNSIGNED NOT NULL AUTO_INCREMENT, AUTO_INCREMENT=335;

--
-- AUTO_INCREMENT for table `tbl_category`
--
ALTER TABLE `tbl_category`
  MODIFY `id` int(20) UNSIGNED NOT NULL AUTO_INCREMENT, AUTO_INCREMENT=43;

--
-- AUTO_INCREMENT for table `tbl_contact`
--
ALTER TABLE `tbl_contact`
  MODIFY `id` int(10) UNSIGNED NOT NULL AUTO_INCREMENT, AUTO_INCREMENT=23;

--
-- AUTO_INCREMENT for table `tbl_customer`
--
ALTER TABLE `tbl_customer`
  MODIFY `c_id` int(10) UNSIGNED NOT NULL AUTO_INCREMENT, AUTO_INCREMENT=120;

--
-- AUTO_INCREMENT for table `tbl_offer`
--
ALTER TABLE `tbl_offer`
  MODIFY `id` int(3) NOT NULL AUTO_INCREMENT, AUTO_INCREMENT=4;

--
-- AUTO_INCREMENT for table `tbl_singal_item`
--
ALTER TABLE `tbl_singal_item`
  MODIFY `id` int(20) UNSIGNED NOT NULL AUTO_INCREMENT, AUTO_INCREMENT=77;
COMMIT;

/*!40101 SET CHARACTER_SET_CLIENT=@OLD_CHARACTER_SET_CLIENT */;
/*!40101 SET CHARACTER_SET_RESULTS=@OLD_CHARACTER_SET_RESULTS */;
/*!40101 SET COLLATION_CONNECTION=@OLD_COLLATION_CONNECTION */;
